transactionID,customerID,franchiseID,dateTime,product,quantity,unitPrice,totalPrice,paymentMethod,cardNumber
2000000,1000041,3000029,2024-07-04 03:08:57.918986,Golden Gate Ginger,6,3,18,mastercard,5382071075807923
2000001,1000033,3000038,2024-07-02 04:58:43.072417,Golden Gate Ginger,9,3,27,mastercard,2222190557692685
2000002,1000018,3000044,2024-07-04 22:21:47.954109,Orchard Oasis,1,3,3,mastercard,5590182977436618
2000003,1000034,3000035,2024-07-06 04:29:12.831366,Tokyo Tidbits,4,3,12,amex,341140963000676
2000004,1000280,3000021,2024-07-13 00:04:26.256883,Outback Oatmeal,10,3,30,mastercard,5456511593077237
2000005,1000128,3000032,2024-07-16 10:58:51.130138,Austin Almond Biscotti,10,3,30,visa,4479132137995325
2000006,1000213,3000027,2024-07-02 18:10:51.167558,Pearly Pies,7,3,21,visa,4757189689877395
2000007,1000057,3000043,2024-07-03 05:39:37.371650,Outback Oatmeal,3,3,9,amex,343911826249330
2000008,1000236,3000042,2024-07-07 08:01:31.273918,Pearly Pies,5,3,15,visa,4863850348449881
2000009,1000156,3000027,2024-07-05 11:25:27.492118,Pearly Pies,6,3,18,visa,4540461421687123
2000010,1000221,3000025,2024-07-29 13:34:17.374050,Golden Gate Ginger,4,3,12,mastercard,5545480088569335
2000011,1000193,3000026,2024-07-14 10:40:49.228917,Outback Oatmeal,4,3,12,amex,371080157612675
2000012,1000274,3000027,2024-07-28 06:17:07.545941,Austin Almond Biscotti,6,3,18,amex,372797589336602
2000013,1000276,3000026,2024-07-06 00:47:46.696395,Golden Gate Ginger,6,3,18,mastercard,2239682491904045
2000014,1000113,3000043,2024-07-21 06:59:13.253711,Orchard Oasis,4,3,12,visa,4468093290466434
2000015,1000212,3000045,2024-07-14 21:32:03.519241,Golden Gate Ginger,6,3,18,amex,379684349967657
2000016,1000093,3000010,2024-07-09 11:06:56.143306,Golden Gate Ginger,5,3,15,amex,349392853915040
2000017,1000181,3000043,2024-07-15 03:06:11.457847,Pearly Pies,6,3,18,mastercard,2720003725587066
2000018,1000270,3000042,2024-07-14 00:42:25.414301,Pearly Pies,10,3,30,mastercard,2242417003148996
2000019,1000067,3000029,2024-07-23 22:24:37.687081,Outback Oatmeal,1,3,3,mastercard,2238652285475693
2000020,1000075,3000018,2024-07-18 08:28:22.017319,Pearly Pies,5,3,15,visa,4319123655621587
2000021,1000295,3000023,2024-07-06 23:24:57.213199,Golden Gate Ginger,7,3,21,visa,4084880712965611
2000022,1000190,3000033,2024-07-04 00:21:40.998116,Orchard Oasis,5,3,15,amex,377136308174652
2000023,1000035,3000027,2024-07-03 05:59:35.254698,Outback Oatmeal,9,3,27,mastercard,2702167836095418
2000024,1000043,3000007,2024-07-12 05:53:08.946196,Tokyo Tidbits,2,3,6,visa,4148043584378652
2000025,1000023,3000040,2024-07-25 19:30:01.703399,Orchard Oasis,3,3,9,amex,374288633719322
2000026,1000052,3000012,2024-07-19 21:08:23.479609,Outback Oatmeal,7,3,21,mastercard,2720728882933022
2000027,1000079,3000046,2024-07-24 03:43:34.976674,Austin Almond Biscotti,1,3,3,visa,4683274773504375
2000028,1000108,3000002,2024-07-01 16:16:05.408402,Orchard Oasis,10,3,30,mastercard,2355860784795803
2000029,1000173,3000028,2024-07-08 00:40:20.870612,Austin Almond Biscotti,7,3,21,mastercard,2239654920381350
2000030,1000177,3000042,2024-07-22 16:23:54.045254,Orchard Oasis,1,3,3,mastercard,2567358828417298
2000031,1000220,3000019,2024-07-13 19:28:54.022688,Austin Almond Biscotti,10,3,30,amex,341624056094761
2000032,1000010,3000034,2024-07-02 21:50:26.282572,Golden Gate Ginger,5,3,15,amex,349587420371862
2000033,1000112,3000030,2024-07-02 00:03:52.956426,Pearly Pies,9,3,27,amex,376911709497725
2000034,1000184,3000029,2024-07-12 16:16:14.354125,Golden Gate Ginger,6,3,18,visa,4959180958665328
2000035,1000295,3000012,2024-07-03 05:50:14.722162,Pearly Pies,2,3,6,visa,4912390951683899
2000036,1000165,3000026,2024-07-26 22:37:59.100799,Outback Oatmeal,5,3,15,amex,345695228486669
2000037,1000163,3000037,2024-07-20 15:12:17.430162,Outback Oatmeal,10,3,30,mastercard,5217070776697972
2000038,1000035,3000022,2024-07-05 10:27:34.740901,Golden Gate Ginger,3,3,9,amex,348998045469885
2000039,1000044,3000031,2024-07-24 07:41:51.600629,Austin Almond Biscotti,7,3,21,amex,370942094822884
2000040,1000148,3000005,2024-07-04 12:34:06.751301,Tokyo Tidbits,6,3,18,visa,4474033387000474
2000041,1000060,3000019,2024-07-22 23:34:37.035715,Golden Gate Ginger,7,3,21,amex,378051186744261
2000042,1000011,3000016,2024-07-05 07:58:41.591792,Pearly Pies,7,3,21,mastercard,5534366701371980
2000043,1000223,3000004,2024-07-18 10:47:07.524302,Golden Gate Ginger,6,3,18,amex,342694437611723
2000044,1000020,3000033,2024-07-26 21:33:45.680208,Pearly Pies,2,3,6,amex,346655778620017
2000045,1000019,3000032,2024-07-05 04:55:59.509005,Golden Gate Ginger,6,3,18,visa,4279548644583928
2000046,1000076,3000016,2024-07-01 09:51:43.164940,Pearly Pies,6,3,18,visa,4607681179063280
2000047,1000198,3000013,2024-07-20 11:24:55.452784,Golden Gate Ginger,2,3,6,mastercard,5533236635457612
2000048,1000031,3000010,2024-07-15 05:43:19.244390,Pearly Pies,6,3,18,mastercard,2254155214868441
2000049,1000221,3000000,2024-07-15 05:00:18.823997,Pearly Pies,10,3,30,visa,4489845362827347
2000050,1000031,3000036,2024-07-16 19:20:33.161949,Tokyo Tidbits,7,3,21,amex,342085122445107
2000051,1000271,3000042,2024-07-07 04:20:36.823953,Orchard Oasis,8,3,24,amex,349658933502234
2000052,1000077,3000024,2024-07-14 15:02:40.167954,Austin Almond Biscotti,9,3,27,mastercard,5350391094157748
2000053,1000213,3000015,2024-07-19 20:30:47.901860,Pearly Pies,1,3,3,visa,4909796508729685
2000054,1000240,3000045,2024-07-10 09:13:07.229184,Outback Oatmeal,6,3,18,visa,4799447888594579
2000055,1000051,3000002,2024-07-22 19:51:34.485014,Golden Gate Ginger,8,3,24,mastercard,2257631145729727
2000056,1000197,3000033,2024-07-30 23:35:36.118857,Orchard Oasis,1,3,3,visa,4559329515708048
2000057,1000244,3000028,2024-07-26 08:27:54.025948,Austin Almond Biscotti,5,3,15,visa,4316433237217165
2000058,1000291,3000013,2024-07-04 05:18:20.007003,Orchard Oasis,2,3,6,mastercard,2533113566591155
2000059,1000022,3000020,2024-07-21 07:58:35.546305,Golden Gate Ginger,8,3,24,visa,4744907909497652
2000060,1000162,3000008,2024-07-24 21:41:57.861879,Orchard Oasis,4,3,12,mastercard,2298589872601389
2000061,1000036,3000036,2024-07-25 05:57:01.770575,Austin Almond Biscotti,5,3,15,amex,372322548284395
2000062,1000001,3000023,2024-07-25 15:09:34.054975,Pearly Pies,7,3,21,visa,4811474662527843
2000063,1000218,3000021,2024-07-01 19:32:14.409896,Austin Almond Biscotti,2,3,6,mastercard,2225492926337076
2000064,1000031,3000037,2024-07-26 12:02:51.923587,Outback Oatmeal,4,3,12,mastercard,2286268903349789
2000065,1000053,3000001,2024-07-29 11:06:19.170098,Tokyo Tidbits,4,3,12,amex,372866086470782
2000066,1000058,3000006,2024-07-06 00:53:27.110584,Outback Oatmeal,1,3,3,mastercard,2223743165348493
2000067,1000215,3000037,2024-07-18 20:48:40.265371,Tokyo Tidbits,6,3,18,mastercard,5563538304035238
2000068,1000067,3000013,2024-07-05 15:46:27.277544,Pearly Pies,1,3,3,mastercard,5244943580366074
2000069,1000127,3000041,2024-07-16 01:19:18.187742,Outback Oatmeal,2,3,6,amex,376130543988175
2000070,1000153,3000044,2024-07-17 19:11:09.934703,Austin Almond Biscotti,7,3,21,amex,374835049432484
2000071,1000059,3000008,2024-07-20 00:04:06.808654,Austin Almond Biscotti,7,3,21,mastercard,2246669222305999
2000072,1000106,3000007,2024-07-27 18:40:09.544689,Golden Gate Ginger,7,3,21,amex,379073558108726
2000073,1000147,3000029,2024-07-28 22:38:19.893405,Tokyo Tidbits,5,3,15,visa,4654341070574289
2000074,1000299,3000017,2024-07-26 15:17:37.745447,Austin Almond Biscotti,2,3,6,amex,373166644270652
2000075,1000294,3000035,2024-07-24 07:27:35.071133,Orchard Oasis,2,3,6,mastercard,2292680362182588
2000076,1000183,3000016,2024-07-09 18:46:28.859143,Tokyo Tidbits,10,3,30,amex,373881812840058
2000077,1000296,3000019,2024-07-29 03:02:41.630782,Austin Almond Biscotti,3,3,9,visa,4488709674158281
2000078,1000229,3000046,2024-07-02 13:14:27.143966,Pearly Pies,7,3,21,mastercard,2650056093013572
2000079,1000205,3000031,2024-07-30 03:13:48.050143,Pearly Pies,1,3,3,visa,4106655089353904
2000080,1000032,3000002,2024-07-17 18:01:25.633814,Pearly Pies,4,3,12,mastercard,5248536198528998
2000081,1000057,3000040,2024-07-19 06:14:51.572921,Pearly Pies,8,3,24,amex,374558839346033
2000082,1000261,3000018,2024-07-30 23:55:44.149975,Tokyo Tidbits,4,3,12,amex,345865494456874
2000083,1000192,3000041,2024-07-02 22:00:36.447898,Tokyo Tidbits,2,3,6,amex,347149790340464
2000084,1000035,3000002,2024-07-06 15:39:33.761759,Orchard Oasis,6,3,18,mastercard,2380206467912332
2000085,1000039,3000033,2024-07-04 20:29:49.261016,Pearly Pies,10,3,30,visa,4302542889530158
2000086,1000099,3000028,2024-07-21 17:54:26.524595,Austin Almond Biscotti,4,3,12,mastercard,2286166121956783
2000087,1000278,3000034,2024-07-12 17:55:21.184530,Pearly Pies,2,3,6,mastercard,2708057698391241
2000088,1000253,3000016,2024-07-10 02:08:53.746217,Austin Almond Biscotti,5,3,15,mastercard,2265325396065754
2000089,1000242,3000036,2024-07-29 11:56:14.325171,Orchard Oasis,3,3,9,visa,4112950424672528
2000090,1000279,3000018,2024-07-23 18:07:38.862647,Orchard Oasis,2,3,6,mastercard,5587707404210007
2000091,1000212,3000045,2024-07-15 04:49:32.349939,Golden Gate Ginger,1,3,3,amex,343044421007448
2000092,1000214,3000016,2024-07-06 01:02:07.466092,Tokyo Tidbits,9,3,27,visa,4995165626699599
2000093,1000224,3000036,2024-07-14 22:09:29.598946,Orchard Oasis,8,3,24,visa,4370283789891724
2000094,1000234,3000004,2024-07-11 02:55:32.294243,Pearly Pies,1,3,3,amex,373147137548861
2000095,1000155,3000032,2024-07-24 15:15:06.025190,Pearly Pies,2,3,6,visa,4330785562535665
2000096,1000165,3000006,2024-07-26 22:53:17.583583,Tokyo Tidbits,3,3,9,visa,4127011882674887
2000097,1000104,3000006,2024-07-25 22:05:03.018038,Outback Oatmeal,10,3,30,visa,4232130215552818
2000098,1000229,3000032,2024-07-24 06:16:22.433769,Pearly Pies,3,3,9,mastercard,2286261543096720
2000099,1000203,3000004,2024-07-12 02:11:23.022178,Austin Almond Biscotti,3,3,9,amex,346529288709836
2000100,1000242,3000005,2024-07-28 15:57:56.667135,Tokyo Tidbits,6,3,18,visa,4227306104512587
2000101,1000244,3000047,2024-07-28 11:48:48.491352,Orchard Oasis,8,3,24,amex,349028242521509
2000102,1000288,3000021,2024-07-09 19:43:57.113905,Golden Gate Ginger,10,3,30,visa,4588775023231151
2000103,1000285,3000014,2024-07-16 21:08:46.299101,Tokyo Tidbits,3,3,9,visa,4025379265082082
2000104,1000021,3000044,2024-07-12 17:50:57.934861,Orchard Oasis,1,3,3,visa,4557624534823238
2000105,1000033,3000035,2024-07-24 00:14:57.276727,Austin Almond Biscotti,2,3,6,amex,344241572238744
2000106,1000191,3000003,2024-07-16 08:49:25.017496,Tokyo Tidbits,5,3,15,visa,4405859907746582
2000107,1000121,3000001,2024-07-06 04:42:36.111412,Outback Oatmeal,4,3,12,mastercard,5544418524086499
2000108,1000215,3000025,2024-07-16 16:24:26.941146,Orchard Oasis,8,3,24,visa,4953981514426196
2000109,1000102,3000033,2024-07-24 08:28:28.203421,Orchard Oasis,5,3,15,mastercard,5456674706329919
2000110,1000175,3000038,2024-07-08 10:47:08.554877,Orchard Oasis,9,3,27,mastercard,2256425430993994
2000111,1000019,3000044,2024-07-15 13:33:23.155254,Orchard Oasis,3,3,9,amex,346848183874119
2000112,1000192,3000033,2024-07-23 09:43:17.246866,Outback Oatmeal,9,3,27,amex,373945233266563
2000113,1000045,3000024,2024-07-29 17:26:36.555356,Pearly Pies,6,3,18,mastercard,2706743133765238
2000114,1000147,3000037,2024-07-23 12:03:00.102337,Austin Almond Biscotti,2,3,6,visa,4857298652011988
2000115,1000214,3000046,2024-07-02 22:16:30.151612,Orchard Oasis,8,3,24,visa,4815277622814516
2000116,1000184,3000025,2024-07-04 10:46:56.806064,Outback Oatmeal,9,3,27,mastercard,2290067820457582
2000117,1000217,3000002,2024-07-13 18:35:28.979544,Pearly Pies,7,3,21,mastercard,2233687437492019
2000118,1000104,3000006,2024-07-08 05:40:54.558526,Pearly Pies,3,3,9,visa,4831946348853624
2000119,1000136,3000012,2024-07-23 10:04:30.191493,Tokyo Tidbits,8,3,24,amex,376422794921926
2000120,1000267,3000032,2024-07-14 10:31:05.218656,Outback Oatmeal,5,3,15,mastercard,2235389832136014
2000121,1000027,3000002,2024-07-19 18:57:03.782285,Austin Almond Biscotti,6,3,18,visa,4757380276244194
2000122,1000199,3000032,2024-07-19 07:41:37.398138,Outback Oatmeal,1,3,3,amex,342674584580897
2000123,1000119,3000040,2024-07-17 16:20:25.578010,Outback Oatmeal,5,3,15,mastercard,2252970621721054
2000124,1000206,3000042,2024-07-29 06:15:23.458197,Pearly Pies,4,3,12,mastercard,5287015866021612
2000125,1000036,3000039,2024-07-03 12:08:10.526903,Tokyo Tidbits,3,3,9,visa,4494402457761784
2000126,1000152,3000031,2024-07-22 04:45:59.540698,Tokyo Tidbits,2,3,6,amex,343007320412936
2000127,1000182,3000011,2024-07-03 07:51:10.230291,Outback Oatmeal,10,3,30,mastercard,2701734926908916
2000128,1000087,3000011,2024-07-22 17:25:47.852839,Pearly Pies,2,3,6,mastercard,2290917030081616
2000129,1000223,3000032,2024-07-27 09:15:03.402778,Pearly Pies,2,3,6,visa,4002804724716761
2000130,1000005,3000047,2024-07-12 19:20:56.024803,Outback Oatmeal,7,3,21,amex,345549084375161
2000131,1000100,3000044,2024-07-15 04:33:59.128224,Austin Almond Biscotti,10,3,30,mastercard,5169675534294272
2000132,1000131,3000040,2024-07-08 09:54:51.144557,Austin Almond Biscotti,5,3,15,visa,4928320965974291
2000133,1000228,3000004,2024-07-15 20:53:05.399066,Austin Almond Biscotti,5,3,15,amex,370762347183490
2000134,1000157,3000028,2024-07-07 03:04:00.679760,Golden Gate Ginger,7,3,21,visa,4800113912672339
2000135,1000008,3000044,2024-07-04 23:29:53.386575,Outback Oatmeal,1,3,3,amex,342950977971244
2000136,1000116,3000034,2024-07-13 00:20:04.114220,Orchard Oasis,10,3,30,mastercard,5412582658515273
2000137,1000109,3000017,2024-07-10 02:02:19.287853,Outback Oatmeal,5,3,15,amex,341555944235275
2000138,1000208,3000047,2024-07-03 03:22:36.316346,Tokyo Tidbits,8,3,24,mastercard,2296503736370661
2000139,1000063,3000039,2024-07-21 19:06:22.919987,Tokyo Tidbits,5,3,15,mastercard,2268176079761467
2000140,1000001,3000007,2024-07-15 13:39:44.906747,Outback Oatmeal,2,3,6,visa,4209275371384560
2000141,1000094,3000003,2024-07-30 02:01:26.564307,Golden Gate Ginger,8,3,24,visa,4007257923161088
2000142,1000262,3000002,2024-07-19 07:33:32.267413,Austin Almond Biscotti,7,3,21,amex,346937588103982
2000143,1000218,3000017,2024-07-04 03:25:33.491003,Golden Gate Ginger,8,3,24,amex,347244432303119
2000144,1000195,3000047,2024-07-17 10:42:16.823511,Tokyo Tidbits,1,3,3,visa,4014327060036541
2000145,1000035,3000015,2024-07-13 08:31:06.235021,Pearly Pies,10,3,30,mastercard,2714642301544583
2000146,1000253,3000039,2024-07-26 07:28:48.216365,Golden Gate Ginger,7,3,21,amex,373110205019520
2000147,1000241,3000022,2024-07-27 05:47:57.641650,Orchard Oasis,7,3,21,visa,4436096600473700
2000148,1000191,3000047,2024-07-25 03:14:47.523268,Outback Oatmeal,6,3,18,mastercard,2629410284547203
2000149,1000038,3000012,2024-07-28 19:12:52.831326,Pearly Pies,10,3,30,mastercard,2259630579166859
2000150,1000254,3000003,2024-07-23 10:42:51.817804,Pearly Pies,6,3,18,visa,4455528307482259
2000151,1000246,3000032,2024-07-18 15:55:22.382003,Golden Gate Ginger,4,3,12,amex,345268370173129
2000152,1000269,3000002,2024-07-30 16:39:23.392215,Austin Almond Biscotti,3,3,9,amex,373642964166449
2000153,1000016,3000003,2024-07-10 19:17:18.739530,Outback Oatmeal,3,3,9,visa,4100489321115616
2000154,1000297,3000032,2024-07-23 11:11:21.401102,Austin Almond Biscotti,9,3,27,amex,372806141742213
2000155,1000136,3000029,2024-07-11 22:15:05.639295,Tokyo Tidbits,3,3,9,mastercard,2260948250710077
2000156,1000268,3000034,2024-07-08 10:05:00.890494,Austin Almond Biscotti,7,3,21,amex,344765527949310
2000157,1000090,3000025,2024-07-10 02:45:11.159991,Golden Gate Ginger,2,3,6,mastercard,2230555786462433
2000158,1000187,3000021,2024-07-22 11:09:59.416940,Outback Oatmeal,5,3,15,mastercard,2678476298151753
2000159,1000009,3000029,2024-07-26 20:57:43.912383,Golden Gate Ginger,6,3,18,amex,375353488986472
2000160,1000186,3000046,2024-07-20 23:37:24.640043,Pearly Pies,1,3,3,amex,378926721908150
2000161,1000268,3000038,2024-07-16 17:15:25.217996,Orchard Oasis,7,3,21,mastercard,5225566813333901
2000162,1000059,3000017,2024-07-08 17:16:12.204906,Tokyo Tidbits,8,3,24,amex,373887926145326
2000163,1000298,3000003,2024-07-17 00:47:27.417741,Outback Oatmeal,9,3,27,visa,4416139896726375
2000164,1000040,3000028,2024-07-30 03:10:54.899404,Orchard Oasis,8,3,24,amex,378604952774878
2000165,1000254,3000023,2024-07-21 02:05:54.854268,Tokyo Tidbits,9,3,27,amex,341508131778219
2000166,1000188,3000026,2024-07-28 15:16:29.942779,Tokyo Tidbits,2,3,6,amex,342918932319908
2000167,1000020,3000002,2024-07-09 01:30:05.541990,Outback Oatmeal,10,3,30,visa,4990959517999042
2000168,1000034,3000003,2024-07-13 02:10:14.439016,Golden Gate Ginger,5,3,15,amex,342396201586558
2000169,1000076,3000022,2024-07-25 23:32:44.437259,Orchard Oasis,6,3,18,amex,348038529763766
2000170,1000297,3000043,2024-07-18 19:12:33.403281,Golden Gate Ginger,7,3,21,amex,342199167045316
2000171,1000013,3000016,2024-07-27 15:07:28.533717,Austin Almond Biscotti,1,3,3,mastercard,2683497915635310
2000172,1000299,3000012,2024-07-04 13:57:54.627318,Pearly Pies,9,3,27,mastercard,2536834671819564
2000173,1000046,3000047,2024-07-27 14:06:40.385418,Outback Oatmeal,1,3,3,amex,342116047309977
2000174,1000109,3000008,2024-07-16 20:09:37.366474,Pearly Pies,9,3,27,mastercard,5264587247675628
2000175,1000001,3000002,2024-07-23 16:10:58.429316,Pearly Pies,1,3,3,amex,371629160947609
2000176,1000271,3000045,2024-07-29 11:38:09.966306,Golden Gate Ginger,10,3,30,visa,4986886446361117
2000177,1000088,3000044,2024-07-13 18:10:54.821332,Tokyo Tidbits,10,3,30,mastercard,5578567642723562
2000178,1000298,3000007,2024-07-29 19:50:06.617715,Austin Almond Biscotti,9,3,27,mastercard,2720103667837394
2000179,1000126,3000041,2024-07-03 22:58:36.076466,Golden Gate Ginger,10,3,30,visa,4105492354124435
2000180,1000241,3000011,2024-07-11 03:33:55.793007,Austin Almond Biscotti,8,3,24,mastercard,2685785119271710
2000181,1000151,3000022,2024-07-15 03:27:32.567544,Tokyo Tidbits,6,3,18,mastercard,2720395217682284
2000182,1000213,3000034,2024-07-20 06:35:47.834636,Outback Oatmeal,10,3,30,visa,4025533285041847
2000183,1000252,3000003,2024-07-03 15:51:39.600106,Golden Gate Ginger,5,3,15,mastercard,2250908304280784
2000184,1000037,3000031,2024-07-07 00:45:50.788031,Tokyo Tidbits,7,3,21,mastercard,2528949921267024
2000185,1000062,3000030,2024-07-12 10:08:10.854196,Golden Gate Ginger,9,3,27,amex,374160257629642
2000186,1000121,3000030,2024-07-03 23:52:09.894805,Austin Almond Biscotti,2,3,6,amex,340517452003264
2000187,1000022,3000040,2024-07-25 19:10:12.013256,Austin Almond Biscotti,1,3,3,amex,375372276130242
2000188,1000078,3000045,2024-07-19 18:59:21.719205,Outback Oatmeal,8,3,24,visa,4536004721658844
2000189,1000274,3000034,2024-07-13 15:50:32.680988,Austin Almond Biscotti,8,3,24,amex,370360258634831
2000190,1000173,3000046,2024-07-24 16:39:00.756454,Orchard Oasis,5,3,15,amex,348398840632342
2000191,1000255,3000004,2024-07-19 00:19:07.423688,Austin Almond Biscotti,5,3,15,amex,371016278464067
2000192,1000010,3000002,2024-07-15 16:09:35.083349,Orchard Oasis,10,3,30,mastercard,2232677317838549
2000193,1000264,3000019,2024-07-12 20:35:54.835465,Orchard Oasis,9,3,27,visa,4416976271123094
2000194,1000025,3000010,2024-07-17 12:18:36.466322,Orchard Oasis,3,3,9,visa,4041673349979143
2000195,1000107,3000019,2024-07-20 21:45:48.822648,Tokyo Tidbits,5,3,15,amex,347300792413045
2000196,1000061,3000047,2024-07-13 09:51:25.255022,Outback Oatmeal,9,3,27,visa,4759487542432541
2000197,1000270,3000019,2024-07-24 21:03:01.209101,Tokyo Tidbits,10,3,30,mastercard,2252732837245488
2000198,1000051,3000024,2024-07-22 15:16:19.816249,Golden Gate Ginger,2,3,6,visa,4563516734677244
2000199,1000163,3000024,2024-07-18 07:24:20.709180,Outback Oatmeal,4,3,12,amex,344162331808736
2000200,1000038,3000022,2024-07-12 03:15:26.233927,Golden Gate Ginger,5,3,15,visa,4203562117469383
2000201,1000243,3000015,2024-07-21 16:19:41.414295,Pearly Pies,5,3,15,mastercard,2573012577090358
2000202,1000146,3000027,2024-07-27 13:17:53.229021,Outback Oatmeal,6,3,18,mastercard,2279492696593390
2000203,1000212,3000006,2024-07-18 08:29:41.855929,Pearly Pies,6,3,18,amex,342614758507367
2000204,1000078,3000017,2024-07-05 23:06:10.669943,Tokyo Tidbits,10,3,30,amex,370126969358956
2000205,1000167,3000020,2024-07-08 17:02:48.391207,Tokyo Tidbits,5,3,15,amex,343203062802224
2000206,1000141,3000045,2024-07-01 12:14:12.155369,Golden Gate Ginger,2,3,6,visa,4552504522078596
2000207,1000017,3000025,2024-07-05 19:55:23.520634,Golden Gate Ginger,2,3,6,mastercard,5586452498041825
2000208,1000255,3000022,2024-07-30 23:22:46.354501,Pearly Pies,6,3,18,mastercard,5315354755381209
2000209,1000051,3000029,2024-07-05 16:03:01.985039,Golden Gate Ginger,5,3,15,visa,4059465203600777
2000210,1000086,3000020,2024-07-22 22:34:25.834896,Orchard Oasis,5,3,15,mastercard,5444252057299901
2000211,1000076,3000013,2024-07-23 20:46:34.673112,Tokyo Tidbits,7,3,21,visa,4937948580030534
2000212,1000116,3000012,2024-07-08 07:54:35.486251,Pearly Pies,7,3,21,visa,4917132181662474
2000213,1000073,3000035,2024-07-24 16:29:28.058524,Pearly Pies,5,3,15,mastercard,2276285046455978
2000214,1000034,3000042,2024-07-08 21:22:07.757093,Golden Gate Ginger,5,3,15,amex,375298421989093
2000215,1000127,3000018,2024-07-30 11:21:28.265657,Outback Oatmeal,1,3,3,visa,4567415534576761
2000216,1000296,3000001,2024-07-22 20:27:22.981354,Golden Gate Ginger,3,3,9,amex,376982799386052
2000217,1000281,3000009,2024-07-27 23:04:15.473231,Orchard Oasis,2,3,6,visa,4315839042797590
2000218,1000212,3000037,2024-07-28 22:43:42.429172,Orchard Oasis,10,3,30,mastercard,2439607357045375
2000219,1000206,3000002,2024-07-11 19:20:02.687698,Pearly Pies,10,3,30,amex,377303832730181
2000220,1000250,3000018,2024-07-30 14:49:12.341455,Pearly Pies,9,3,27,mastercard,2602372739626605
2000221,1000183,3000032,2024-07-17 22:38:12.479611,Golden Gate Ginger,8,3,24,mastercard,2307228456239451
2000222,1000149,3000020,2024-07-29 20:52:16.833021,Golden Gate Ginger,2,3,6,visa,4920615597940265
2000223,1000256,3000006,2024-07-11 07:43:45.787822,Austin Almond Biscotti,2,3,6,mastercard,5344308349995366
2000224,1000005,3000038,2024-07-18 14:51:11.861066,Austin Almond Biscotti,10,3,30,mastercard,2715516812788922
2000225,1000188,3000030,2024-07-08 16:22:27.913201,Orchard Oasis,9,3,27,amex,344644735804692
2000226,1000137,3000020,2024-07-06 19:51:38.286961,Austin Almond Biscotti,10,3,30,amex,378177213705346
2000227,1000138,3000047,2024-07-23 05:28:15.201456,Pearly Pies,9,3,27,visa,4683208479983640
2000228,1000151,3000033,2024-07-25 10:02:33.814147,Orchard Oasis,3,3,9,amex,345636931772656
2000229,1000082,3000043,2024-07-27 06:29:08.122813,Orchard Oasis,1,3,3,visa,4212684347049709
2000230,1000256,3000040,2024-07-04 14:37:12.231836,Outback Oatmeal,10,3,30,amex,347709786339455
2000231,1000045,3000017,2024-07-20 20:44:26.323065,Outback Oatmeal,5,3,15,visa,4348566341785833
2000232,1000217,3000006,2024-07-09 18:59:53.803896,Orchard Oasis,3,3,9,visa,4337836221014510
2000233,1000025,3000003,2024-07-08 11:08:50.531592,Pearly Pies,8,3,24,visa,4594447734292037
2000234,1000264,3000047,2024-07-12 16:49:36.125990,Austin Almond Biscotti,6,3,18,amex,349127035863555
2000235,1000015,3000044,2024-07-21 21:55:50.238865,Outback Oatmeal,4,3,12,amex,375031620520918
2000236,1000290,3000001,2024-07-18 04:55:40.007952,Orchard Oasis,8,3,24,visa,4214878768476676
2000237,1000031,3000016,2024-07-11 14:16:53.650826,Pearly Pies,7,3,21,visa,4840337060440130
2000238,1000085,3000006,2024-07-20 08:44:59.505630,Outback Oatmeal,3,3,9,mastercard,2711070544733875
2000239,1000134,3000033,2024-07-16 12:44:39.515812,Tokyo Tidbits,6,3,18,mastercard,2717605554741419
2000240,1000233,3000007,2024-07-06 17:56:54.065511,Tokyo Tidbits,3,3,9,amex,370068826609819
2000241,1000187,3000036,2024-07-12 19:33:43.732989,Outback Oatmeal,4,3,12,amex,343598727767567
2000242,1000187,3000022,2024-07-07 18:02:34.478854,Pearly Pies,1,3,3,amex,344489853533446
2000243,1000108,3000044,2024-07-27 09:12:26.698759,Golden Gate Ginger,8,3,24,mastercard,2704288683921890
2000244,1000174,3000046,2024-07-30 23:02:19.858217,Pearly Pies,6,3,18,mastercard,2292787052619207
2000245,1000072,3000025,2024-07-28 06:39:37.708133,Pearly Pies,2,3,6,mastercard,2720514800983558
2000246,1000069,3000000,2024-07-27 03:35:35.386756,Austin Almond Biscotti,1,3,3,amex,372370522862959
2000247,1000072,3000039,2024-07-09 05:23:52.175665,Tokyo Tidbits,1,3,3,mastercard,5424901338918200
2000248,1000217,3000006,2024-07-12 03:01:30.966799,Outback Oatmeal,3,3,9,amex,340964046260358
2000249,1000216,3000046,2024-07-25 21:47:19.620637,Austin Almond Biscotti,7,3,21,mastercard,2714164648279922
2000250,1000147,3000007,2024-07-10 14:55:21.006349,Pearly Pies,9,3,27,amex,373045813721911
2000251,1000268,3000035,2024-07-23 03:17:17.836078,Tokyo Tidbits,10,3,30,mastercard,2241195479575964
2000252,1000053,3000000,2024-07-14 12:41:53.843106,Tokyo Tidbits,8,3,24,amex,347572548715705
2000253,1000028,3000002,2024-07-05 12:26:12.447672,Outback Oatmeal,4,3,12,visa,4796640785446025
2000254,1000110,3000006,2024-07-13 23:52:43.758530,Golden Gate Ginger,8,3,24,mastercard,2449537367557994
2000255,1000160,3000030,2024-07-23 12:46:30.412406,Golden Gate Ginger,4,3,12,amex,377462453655240
2000256,1000008,3000004,2024-07-22 12:23:40.749191,Pearly Pies,7,3,21,mastercard,2267771898500137
2000257,1000253,3000035,2024-07-06 18:12:36.805961,Tokyo Tidbits,7,3,21,mastercard,2264444118547592
2000258,1000024,3000014,2024-07-05 20:28:10.777294,Pearly Pies,10,3,30,amex,379618091843252
2000259,1000177,3000003,2024-07-17 01:59:33.030104,Orchard Oasis,5,3,15,visa,4813677415526023
2000260,1000168,3000022,2024-07-03 10:59:21.913693,Golden Gate Ginger,5,3,15,mastercard,2286654612442058
2000261,1000169,3000031,2024-07-08 20:08:24.467642,Orchard Oasis,2,3,6,mastercard,2282051264593136
2000262,1000201,3000023,2024-07-23 10:28:03.240248,Outback Oatmeal,6,3,18,visa,4041644310796188
2000263,1000190,3000022,2024-07-15 14:58:08.859954,Austin Almond Biscotti,5,3,15,amex,377148354027817
2000264,1000187,3000043,2024-07-30 21:47:58.304889,Golden Gate Ginger,10,3,30,mastercard,2367803548428879
2000265,1000131,3000047,2024-07-14 05:37:54.716070,Outback Oatmeal,5,3,15,mastercard,5215477096504543
2000266,1000049,3000005,2024-07-19 11:05:55.333473,Austin Almond Biscotti,8,3,24,visa,4375336855376593
2000267,1000071,3000026,2024-07-05 18:58:02.202708,Tokyo Tidbits,5,3,15,mastercard,2652209975333331
2000268,1000150,3000034,2024-07-24 16:34:57.399909,Austin Almond Biscotti,2,3,6,mastercard,5310132794208673
2000269,1000080,3000045,2024-07-16 13:33:20.777549,Austin Almond Biscotti,10,3,30,mastercard,2293448410039419
2000270,1000024,3000028,2024-07-27 05:49:41.320096,Tokyo Tidbits,2,3,6,mastercard,2649848354918158
2000271,1000082,3000041,2024-07-16 11:33:43.410049,Golden Gate Ginger,4,3,12,amex,370186468421465
2000272,1000151,3000000,2024-07-30 01:40:07.845726,Golden Gate Ginger,10,3,30,amex,342288036825063
2000273,1000181,3000041,2024-07-11 11:24:58.057286,Golden Gate Ginger,8,3,24,mastercard,2250569803763405
2000274,1000123,3000017,2024-07-05 06:43:07.775862,Tokyo Tidbits,7,3,21,visa,4783912273369372
2000275,1000164,3000039,2024-07-20 02:51:54.260473,Orchard Oasis,7,3,21,mastercard,2282144046230125
2000276,1000107,3000035,2024-07-16 15:55:17.454134,Golden Gate Ginger,10,3,30,visa,4215149175317138
2000277,1000046,3000039,2024-07-30 19:19:11.995041,Austin Almond Biscotti,1,3,3,visa,4368766980538957
2000278,1000259,3000006,2024-07-08 15:46:18.693237,Austin Almond Biscotti,4,3,12,visa,4245935912562026
2000279,1000188,3000028,2024-07-25 12:17:20.789149,Golden Gate Ginger,5,3,15,visa,4381874860490274
2000280,1000265,3000013,2024-07-25 05:31:26.479446,Orchard Oasis,7,3,21,amex,374027740441903
2000281,1000066,3000001,2024-07-27 01:25:49.417253,Golden Gate Ginger,1,3,3,visa,4500132018687499
2000282,1000080,3000007,2024-07-11 11:19:35.984747,Pearly Pies,8,3,24,visa,4515592110296460
2000283,1000127,3000042,2024-07-22 04:16:00.949892,Orchard Oasis,4,3,12,amex,379022037039119
2000284,1000105,3000041,2024-07-16 09:43:08.581885,Tokyo Tidbits,9,3,27,mastercard,5362043760543927
2000285,1000091,3000042,2024-07-15 22:07:46.578224,Pearly Pies,4,3,12,amex,374799983829990
2000286,1000251,3000012,2024-07-23 08:15:30.745014,Pearly Pies,7,3,21,mastercard,2241150717241473
2000287,1000152,3000016,2024-07-02 18:42:59.460165,Tokyo Tidbits,2,3,6,mastercard,5420885535471952
2000288,1000001,3000040,2024-07-26 10:50:11.588782,Golden Gate Ginger,3,3,9,amex,374330799717474
2000289,1000103,3000024,2024-07-07 06:43:17.903003,Golden Gate Ginger,7,3,21,amex,341408642854486
2000290,1000056,3000013,2024-07-01 20:27:57.570711,Golden Gate Ginger,2,3,6,visa,4788912531812002
2000291,1000287,3000046,2024-07-17 12:28:58.123308,Pearly Pies,9,3,27,amex,377921546229552
2000292,1000067,3000010,2024-07-12 14:05:29.911842,Pearly Pies,1,3,3,visa,4555104749362704
2000293,1000160,3000039,2024-07-03 12:39:51.453981,Orchard Oasis,10,3,30,visa,4589786863385741
2000294,1000248,3000027,2024-07-04 02:15:16.711631,Pearly Pies,4,3,12,visa,4634369830125667
2000295,1000015,3000014,2024-07-02 00:56:13.802010,Tokyo Tidbits,1,3,3,visa,4240410124897706
2000296,1000071,3000017,2024-07-23 02:28:15.379246,Pearly Pies,6,3,18,mastercard,2332280616037985
2000297,1000004,3000040,2024-07-29 08:08:46.511658,Orchard Oasis,4,3,12,mastercard,2269020996008710
2000298,1000076,3000015,2024-07-16 09:34:59.523370,Tokyo Tidbits,7,3,21,mastercard,2292772847697791
2000299,1000228,3000036,2024-07-26 17:52:21.899565,Golden Gate Ginger,5,3,15,visa,4869232954026242
2000300,1000092,3000038,2024-07-14 02:10:37.827619,Outback Oatmeal,7,3,21,visa,4952308912880520
2000301,1000141,3000030,2024-07-05 00:43:11.455583,Orchard Oasis,2,3,6,visa,4593951194997796
2000302,1000193,3000034,2024-07-16 17:50:32.018364,Austin Almond Biscotti,4,3,12,mastercard,2241053543337418
2000303,1000181,3000008,2024-07-16 11:53:35.313012,Orchard Oasis,1,3,3,visa,4147248891093396
2000304,1000274,3000027,2024-07-14 19:01:42.371674,Outback Oatmeal,9,3,27,mastercard,5370545253640945
2000305,1000152,3000021,2024-07-07 02:10:18.094470,Tokyo Tidbits,3,3,9,amex,347249520989547
2000306,1000208,3000014,2024-07-24 05:16:00.168320,Pearly Pies,8,3,24,amex,379173565375076
2000307,1000087,3000017,2024-07-19 19:07:26.399920,Austin Almond Biscotti,2,3,6,mastercard,2720691829648162
2000308,1000120,3000043,2024-07-09 03:10:27.032186,Austin Almond Biscotti,9,3,27,amex,347786245143793
2000309,1000027,3000013,2024-07-09 02:11:29.942317,Tokyo Tidbits,10,3,30,visa,4337825177609753
2000310,1000052,3000030,2024-07-03 12:59:50.850835,Golden Gate Ginger,1,3,3,visa,4355747036201399
2000311,1000192,3000036,2024-07-13 04:43:33.156669,Tokyo Tidbits,1,3,3,amex,343254456574275
2000312,1000126,3000011,2024-07-26 21:38:44.437392,Austin Almond Biscotti,2,3,6,amex,344183084089795
2000313,1000093,3000003,2024-07-18 02:34:39.376376,Pearly Pies,2,3,6,visa,4153010892715992
2000314,1000246,3000015,2024-07-29 19:41:24.070178,Outback Oatmeal,7,3,21,mastercard,2279295994163364
2000315,1000176,3000030,2024-07-15 04:11:52.810050,Austin Almond Biscotti,6,3,18,visa,4798925160492415
2000316,1000262,3000016,2024-07-29 21:01:09.230891,Orchard Oasis,3,3,9,amex,375027657029062
2000317,1000266,3000025,2024-07-24 02:20:37.276033,Orchard Oasis,9,3,27,visa,4830624962161712
2000318,1000054,3000046,2024-07-12 05:05:48.392998,Golden Gate Ginger,3,3,9,amex,379685874150338
2000319,1000231,3000034,2024-07-05 00:39:42.792178,Golden Gate Ginger,7,3,21,amex,340843611527161
2000320,1000171,3000013,2024-07-30 07:18:27.673677,Tokyo Tidbits,1,3,3,visa,4531841099057082
2000321,1000082,3000001,2024-07-07 23:44:28.306319,Outback Oatmeal,1,3,3,amex,342717372383287
2000322,1000111,3000033,2024-07-22 11:09:52.968911,Tokyo Tidbits,9,3,27,mastercard,5235314567990271
2000323,1000291,3000005,2024-07-29 05:53:44.474339,Golden Gate Ginger,1,3,3,visa,4201262274938310
2000324,1000282,3000024,2024-07-11 13:02:51.296037,Orchard Oasis,5,3,15,amex,373233591971813
2000325,1000059,3000015,2024-07-06 16:36:20.915324,Tokyo Tidbits,6,3,18,visa,4999139733039730
2000326,1000273,3000000,2024-07-12 13:05:12.977860,Golden Gate Ginger,2,3,6,visa,4913872356120220
2000327,1000033,3000031,2024-07-09 22:16:19.287689,Pearly Pies,2,3,6,mastercard,5221717721584721
2000328,1000108,3000029,2024-07-28 16:16:53.941156,Outback Oatmeal,10,3,30,mastercard,5563982583768079
2000329,1000045,3000047,2024-07-01 21:45:57.832509,Golden Gate Ginger,6,3,18,mastercard,5467894589345876
2000330,1000136,3000036,2024-07-28 02:28:07.775858,Austin Almond Biscotti,1,3,3,mastercard,2330269379018532
2000331,1000020,3000022,2024-07-10 19:58:51.041409,Outback Oatmeal,3,3,9,amex,376520007707709
2000332,1000030,3000014,2024-07-22 07:53:14.700456,Orchard Oasis,10,3,30,visa,4640238171194263
2000333,1000099,3000030,2024-07-20 14:10:07.968641,Austin Almond Biscotti,7,3,21,visa,4996485963227237
2000334,1000245,3000010,2024-07-25 11:03:28.054824,Golden Gate Ginger,9,3,27,amex,377299154726213
2000335,1000188,3000013,2024-07-18 21:26:36.917046,Outback Oatmeal,8,3,24,mastercard,5134909996492112
2000336,1000262,3000022,2024-07-09 11:02:32.657620,Outback Oatmeal,5,3,15,amex,341771949466985
2000337,1000057,3000022,2024-07-19 16:28:46.985542,Golden Gate Ginger,3,3,9,visa,4603996979695899
2000338,1000009,3000015,2024-07-04 11:01:02.427328,Golden Gate Ginger,1,3,3,amex,346665344408581
2000339,1000250,3000013,2024-07-21 05:46:51.991470,Orchard Oasis,5,3,15,amex,378053916265997
2000340,1000287,3000005,2024-07-23 05:27:25.711430,Golden Gate Ginger,4,3,12,amex,370839048657228
2000341,1000088,3000033,2024-07-28 00:58:32.489172,Austin Almond Biscotti,5,3,15,visa,4973526615488789
2000342,1000139,3000016,2024-07-07 04:19:05.409154,Pearly Pies,4,3,12,mastercard,2718553218418900
2000343,1000135,3000041,2024-07-11 13:36:05.849700,Pearly Pies,6,3,18,visa,4259005728171140
2000344,1000145,3000005,2024-07-18 02:39:49.300769,Golden Gate Ginger,7,3,21,mastercard,5353103923768836
2000345,1000097,3000024,2024-07-13 07:06:42.128566,Orchard Oasis,5,3,15,amex,342427414131153
2000346,1000060,3000028,2024-07-18 19:14:51.718938,Austin Almond Biscotti,1,3,3,amex,374563088506865
2000347,1000167,3000023,2024-07-12 14:50:56.673988,Austin Almond Biscotti,3,3,9,mastercard,2261246348550905
2000348,1000114,3000037,2024-07-25 22:07:45.663965,Pearly Pies,3,3,9,mastercard,5355332317985734
2000349,1000192,3000012,2024-07-16 21:16:04.985634,Orchard Oasis,10,3,30,amex,348950764661879
2000350,1000081,3000017,2024-07-10 01:36:34.502184,Austin Almond Biscotti,4,3,12,amex,372026193933004
2000351,1000121,3000013,2024-07-16 07:40:45.407409,Tokyo Tidbits,1,3,3,amex,377094327032544
2000352,1000126,3000031,2024-07-26 17:42:57.830922,Golden Gate Ginger,7,3,21,mastercard,5510848320891157
2000353,1000049,3000005,2024-07-14 09:29:57.982062,Austin Almond Biscotti,10,3,30,mastercard,2435109422248773
2000354,1000296,3000025,2024-07-29 05:46:42.888308,Golden Gate Ginger,4,3,12,visa,4265808150772513
2000355,1000148,3000046,2024-07-22 10:29:36.175156,Outback Oatmeal,10,3,30,visa,4488056230944931
2000356,1000241,3000003,2024-07-18 11:49:24.879467,Orchard Oasis,5,3,15,visa,4585820063957332
2000357,1000275,3000031,2024-07-04 10:56:16.318385,Outback Oatmeal,6,3,18,amex,341208214692912
2000358,1000108,3000001,2024-07-22 04:45:02.649654,Tokyo Tidbits,7,3,21,mastercard,2242386938663348
2000359,1000052,3000020,2024-07-03 04:03:27.247102,Golden Gate Ginger,8,3,24,amex,374350015071183
2000360,1000005,3000020,2024-07-17 18:04:33.750229,Austin Almond Biscotti,1,3,3,mastercard,5151618734786861
2000361,1000280,3000021,2024-07-28 23:52:21.043864,Orchard Oasis,5,3,15,amex,370870076847829
2000362,1000132,3000021,2024-07-24 04:35:23.527864,Pearly Pies,7,3,21,amex,341186857304609
2000363,1000278,3000023,2024-07-08 01:09:21.492390,Outback Oatmeal,2,3,6,mastercard,2605304853216605
2000364,1000191,3000043,2024-07-14 08:48:43.144173,Pearly Pies,9,3,27,amex,348886377259471
2000365,1000107,3000032,2024-07-22 16:56:08.675843,Pearly Pies,5,3,15,visa,4030001957303880
2000366,1000006,3000014,2024-07-03 03:42:20.038453,Outback Oatmeal,10,3,30,visa,4950357221952894
2000367,1000140,3000010,2024-07-29 18:42:39.987564,Austin Almond Biscotti,9,3,27,visa,4107739113521170
2000368,1000028,3000008,2024-07-12 14:35:27.824478,Tokyo Tidbits,7,3,21,visa,4623433695728016
2000369,1000028,3000023,2024-07-16 01:12:54.383610,Golden Gate Ginger,4,3,12,amex,341377173450214
2000370,1000122,3000034,2024-07-20 13:19:24.887648,Golden Gate Ginger,3,3,9,mastercard,5143555431912476
2000371,1000012,3000027,2024-07-16 15:14:01.875418,Golden Gate Ginger,9,3,27,mastercard,5305422571446456
2000372,1000117,3000000,2024-07-30 20:34:14.711618,Pearly Pies,2,3,6,visa,4131421324560103
2000373,1000132,3000013,2024-07-26 11:01:59.667377,Tokyo Tidbits,2,3,6,visa,4766252065837091
2000374,1000018,3000045,2024-07-14 14:27:52.762889,Orchard Oasis,2,3,6,visa,4707526409462845
2000375,1000210,3000023,2024-07-29 05:52:55.763110,Golden Gate Ginger,5,3,15,mastercard,2683443816707527
2000376,1000162,3000029,2024-07-08 00:31:20.593056,Tokyo Tidbits,9,3,27,visa,4753571535190210
2000377,1000193,3000011,2024-07-09 16:06:45.431442,Pearly Pies,8,3,24,amex,345210277719331
2000378,1000085,3000001,2024-07-03 22:15:34.106848,Tokyo Tidbits,3,3,9,amex,344048859509055
2000379,1000215,3000020,2024-07-07 07:43:55.472000,Outback Oatmeal,8,3,24,visa,4490853562279910
2000380,1000018,3000030,2024-07-05 17:52:15.081650,Outback Oatmeal,5,3,15,mastercard,2340548214235460
2000381,1000164,3000020,2024-07-26 16:16:15.995494,Tokyo Tidbits,8,3,24,mastercard,5480566214584607
2000382,1000077,3000022,2024-07-20 13:57:51.269290,Pearly Pies,8,3,24,amex,372523893991787
2000383,1000104,3000031,2024-07-06 21:50:54.835112,Outback Oatmeal,6,3,18,mastercard,2273480728935768
2000384,1000248,3000021,2024-07-05 05:00:55.759400,Golden Gate Ginger,3,3,9,amex,347487104785861
2000385,1000234,3000027,2024-07-20 10:56:24.652544,Outback Oatmeal,4,3,12,amex,377825764209065
2000386,1000053,3000035,2024-07-03 21:58:49.261147,Golden Gate Ginger,3,3,9,mastercard,2265167034220569
2000387,1000093,3000004,2024-07-03 06:11:46.142857,Pearly Pies,9,3,27,visa,4667551757881410
2000388,1000262,3000016,2024-07-07 12:24:03.328860,Tokyo Tidbits,4,3,12,amex,348357665557281
2000389,1000135,3000040,2024-07-20 07:04:13.595284,Orchard Oasis,1,3,3,mastercard,2287721271280266
2000390,1000246,3000030,2024-07-02 22:52:10.433205,Golden Gate Ginger,10,3,30,visa,4783126505670701
2000391,1000256,3000036,2024-07-14 10:42:46.804970,Pearly Pies,10,3,30,amex,341644772488477
2000392,1000271,3000040,2024-07-17 20:14:01.821003,Pearly Pies,9,3,27,amex,345319158890242
2000393,1000291,3000034,2024-07-18 22:55:56.375818,Austin Almond Biscotti,2,3,6,visa,4502891908825612
2000394,1000137,3000024,2024-07-28 14:40:24.452377,Golden Gate Ginger,9,3,27,visa,4167735265434250
2000395,1000088,3000011,2024-07-08 22:01:31.709577,Austin Almond Biscotti,7,3,21,visa,4853193847099101
2000396,1000163,3000029,2024-07-03 07:22:35.123173,Golden Gate Ginger,9,3,27,mastercard,2224139056015086
2000397,1000297,3000030,2024-07-11 19:56:36.636245,Tokyo Tidbits,6,3,18,mastercard,2281507127262731
2000398,1000104,3000042,2024-07-09 11:08:02.635831,Austin Almond Biscotti,7,3,21,visa,4028230321045414
2000399,1000052,3000027,2024-07-18 01:37:29.040695,Tokyo Tidbits,7,3,21,amex,374879208358965
2000400,1000057,3000034,2024-07-24 08:15:55.790253,Outback Oatmeal,4,3,12,amex,374495109305367
2000401,1000198,3000011,2024-07-05 15:18:27.610882,Pearly Pies,5,3,15,mastercard,2295480818064341
2000402,1000021,3000007,2024-07-02 05:51:43.919460,Golden Gate Ginger,8,3,24,visa,4232551042988802
2000403,1000176,3000014,2024-07-15 19:29:50.310146,Orchard Oasis,6,3,18,visa,4505572091796144
2000404,1000155,3000032,2024-07-09 21:22:05.911034,Tokyo Tidbits,5,3,15,mastercard,2266775975638349
2000405,1000132,3000030,2024-07-17 19:36:19.487096,Golden Gate Ginger,9,3,27,mastercard,5471788365971463
2000406,1000151,3000030,2024-07-08 14:35:24.188028,Golden Gate Ginger,6,3,18,amex,341275489093753
2000407,1000243,3000019,2024-07-22 05:11:05.635637,Orchard Oasis,2,3,6,mastercard,2698498346758898
2000408,1000175,3000030,2024-07-25 23:45:52.037928,Tokyo Tidbits,10,3,30,mastercard,2251217644913305
2000409,1000143,3000024,2024-07-08 14:22:36.153149,Golden Gate Ginger,8,3,24,amex,376205311329610
2000410,1000156,3000024,2024-07-07 09:01:25.405262,Orchard Oasis,6,3,18,visa,4911066978060144
2000411,1000197,3000035,2024-07-16 08:20:02.242423,Austin Almond Biscotti,6,3,18,amex,372678209148025
2000412,1000274,3000007,2024-07-24 19:32:30.770060,Austin Almond Biscotti,9,3,27,visa,4912028823922810
2000413,1000143,3000046,2024-07-12 13:39:07.995412,Austin Almond Biscotti,5,3,15,amex,375816156482503
2000414,1000203,3000017,2024-07-03 22:23:20.905872,Golden Gate Ginger,5,3,15,amex,348098906059840
2000415,1000123,3000025,2024-07-09 12:39:20.898993,Austin Almond Biscotti,1,3,3,amex,373015236064041
2000416,1000127,3000005,2024-07-07 23:20:07.731025,Golden Gate Ginger,6,3,18,mastercard,2255751332506811
2000417,1000171,3000026,2024-07-05 04:44:22.589838,Pearly Pies,4,3,12,visa,4435975445228950
2000418,1000266,3000029,2024-07-19 14:55:09.335587,Orchard Oasis,5,3,15,amex,341942399962423
2000419,1000144,3000034,2024-07-19 12:02:20.880608,Orchard Oasis,6,3,18,amex,348223525341813
2000420,1000022,3000010,2024-07-08 03:32:48.433920,Orchard Oasis,6,3,18,amex,375944340394754
2000421,1000079,3000015,2024-07-15 06:27:46.722967,Pearly Pies,7,3,21,amex,377058699022250
2000422,1000216,3000008,2024-07-18 11:37:25.394322,Orchard Oasis,5,3,15,amex,374997663749930
2000423,1000049,3000021,2024-07-09 20:42:45.575719,Austin Almond Biscotti,2,3,6,amex,377640821430541
2000424,1000227,3000008,2024-07-02 16:56:04.807238,Pearly Pies,1,3,3,visa,4077243630530521
2000425,1000226,3000043,2024-07-15 05:37:01.249795,Tokyo Tidbits,5,3,15,amex,342058841511111
2000426,1000218,3000047,2024-07-16 22:59:38.531352,Outback Oatmeal,5,3,15,visa,4243764125895136
2000427,1000167,3000015,2024-07-24 14:24:01.690202,Tokyo Tidbits,8,3,24,visa,4678579478317304
2000428,1000188,3000028,2024-07-20 09:47:07.284635,Golden Gate Ginger,9,3,27,visa,4482963886982915
2000429,1000255,3000041,2024-07-15 01:45:35.906282,Orchard Oasis,2,3,6,visa,4572025286514861
2000430,1000025,3000033,2024-07-24 13:07:58.166982,Outback Oatmeal,2,3,6,visa,4604634804204608
2000431,1000293,3000008,2024-07-20 02:01:04.890189,Pearly Pies,3,3,9,mastercard,2228362750199248
2000432,1000177,3000014,2024-07-20 04:43:04.669545,Orchard Oasis,8,3,24,amex,343511685018337
2000433,1000141,3000014,2024-07-12 20:58:58.100839,Austin Almond Biscotti,1,3,3,amex,372056260153681
2000434,1000011,3000015,2024-07-18 05:36:54.330985,Pearly Pies,6,3,18,amex,346040426053921
2000435,1000027,3000046,2024-07-19 03:55:43.331941,Orchard Oasis,10,3,30,amex,379484608114640
2000436,1000025,3000008,2024-07-20 04:31:11.058734,Outback Oatmeal,3,3,9,amex,349463231858614
2000437,1000206,3000041,2024-07-15 16:58:06.455545,Outback Oatmeal,10,3,30,visa,4305325504137782
2000438,1000065,3000032,2024-07-27 13:34:39.877432,Golden Gate Ginger,6,3,18,mastercard,2264089861664530
2000439,1000001,3000023,2024-07-21 03:10:09.678831,Outback Oatmeal,5,3,15,amex,372551867753057
2000440,1000271,3000025,2024-07-02 19:45:11.548960,Pearly Pies,7,3,21,amex,343626814936892
2000441,1000147,3000026,2024-07-17 16:29:39.698745,Outback Oatmeal,6,3,18,mastercard,2564451493175631
2000442,1000133,3000011,2024-07-07 01:29:31.821501,Outback Oatmeal,4,3,12,mastercard,2239103356554569
2000443,1000016,3000021,2024-07-23 12:19:48.454397,Outback Oatmeal,2,3,6,amex,340842054730258
2000444,1000101,3000047,2024-07-13 12:55:57.078204,Tokyo Tidbits,5,3,15,amex,348008018048003
2000445,1000249,3000015,2024-07-24 08:35:08.819136,Tokyo Tidbits,6,3,18,visa,4874261876595573
2000446,1000133,3000010,2024-07-15 02:38:04.011882,Austin Almond Biscotti,3,3,9,amex,379895244012882
2000447,1000183,3000035,2024-07-29 17:42:24.781184,Golden Gate Ginger,1,3,3,mastercard,2228531324931985
2000448,1000187,3000006,2024-07-01 17:21:43.090214,Golden Gate Ginger,7,3,21,amex,370776409552954
2000449,1000282,3000042,2024-07-11 20:13:07.982893,Austin Almond Biscotti,4,3,12,visa,4372967056975537
2000450,1000179,3000002,2024-07-27 12:04:41.837703,Tokyo Tidbits,1,3,3,mastercard,2258039433856351
2000451,1000295,3000034,2024-07-12 08:48:59.410713,Outback Oatmeal,5,3,15,visa,4189448456550165
2000452,1000010,3000008,2024-07-04 14:00:59.219193,Tokyo Tidbits,8,3,24,visa,4662404259914229
2000453,1000115,3000008,2024-07-14 07:55:19.606176,Pearly Pies,1,3,3,amex,371296996148065
2000454,1000209,3000016,2024-07-30 03:17:22.441200,Tokyo Tidbits,4,3,12,amex,374351947991316
2000455,1000047,3000017,2024-07-28 03:55:25.097518,Tokyo Tidbits,5,3,15,visa,4264527842496353
2000456,1000150,3000021,2024-07-09 05:25:08.189131,Pearly Pies,9,3,27,amex,349865956492728
2000457,1000126,3000005,2024-07-10 13:50:51.749922,Pearly Pies,2,3,6,mastercard,2710668901605007
2000458,1000030,3000002,2024-07-08 22:55:49.391482,Pearly Pies,9,3,27,amex,342277374953264
2000459,1000143,3000042,2024-07-26 15:43:13.125351,Orchard Oasis,3,3,9,visa,4298465805092283
2000460,1000241,3000023,2024-07-19 01:08:28.227111,Outback Oatmeal,4,3,12,mastercard,2280068597729965
2000461,1000142,3000045,2024-07-26 13:14:19.535313,Tokyo Tidbits,4,3,12,mastercard,2720460068106179
2000462,1000114,3000024,2024-07-06 17:30:22.117270,Austin Almond Biscotti,10,3,30,visa,4378984790374517
2000463,1000073,3000047,2024-07-29 03:39:13.897255,Austin Almond Biscotti,10,3,30,amex,374927905643484
2000464,1000187,3000027,2024-07-16 12:09:59.577020,Outback Oatmeal,1,3,3,mastercard,2268323240379155
2000465,1000152,3000022,2024-07-12 20:06:36.717359,Golden Gate Ginger,6,3,18,amex,348271360166019
2000466,1000155,3000020,2024-07-25 18:43:42.587786,Orchard Oasis,5,3,15,amex,375669883478603
2000467,1000156,3000038,2024-07-12 22:27:26.141406,Austin Almond Biscotti,1,3,3,mastercard,2718934174062017
2000468,1000277,3000008,2024-07-19 06:59:21.460070,Austin Almond Biscotti,6,3,18,amex,343744038146246
2000469,1000224,3000009,2024-07-17 11:00:58.174449,Golden Gate Ginger,1,3,3,visa,4217569798652769
2000470,1000055,3000031,2024-07-18 19:52:55.532568,Tokyo Tidbits,3,3,9,amex,345146053395807
2000471,1000043,3000012,2024-07-07 08:12:01.849302,Outback Oatmeal,9,3,27,visa,4424809060005083
2000472,1000085,3000025,2024-07-23 09:11:51.294180,Austin Almond Biscotti,10,3,30,visa,4935738053721913
2000473,1000025,3000040,2024-07-30 10:17:07.411820,Austin Almond Biscotti,5,3,15,amex,371687050524904
2000474,1000227,3000009,2024-07-30 15:37:47.933919,Outback Oatmeal,3,3,9,visa,4742268938216254
2000475,1000225,3000032,2024-07-26 19:08:44.685222,Orchard Oasis,10,3,30,mastercard,2418837625057176
2000476,1000207,3000001,2024-07-13 22:49:52.117371,Outback Oatmeal,7,3,21,mastercard,5471200671385339
2000477,1000034,3000039,2024-07-11 14:52:17.245958,Orchard Oasis,1,3,3,visa,4191454863964987
2000478,1000222,3000020,2024-07-05 20:24:57.702688,Outback Oatmeal,4,3,12,mastercard,2261459785830462
2000479,1000129,3000022,2024-07-18 15:24:50.941581,Orchard Oasis,7,3,21,visa,4314525820954419
2000480,1000147,3000035,2024-07-01 20:21:30.374832,Tokyo Tidbits,7,3,21,amex,348494235518293
2000481,1000167,3000023,2024-07-02 14:28:00.015280,Austin Almond Biscotti,7,3,21,amex,372683539636368
2000482,1000068,3000038,2024-07-05 02:21:52.763036,Golden Gate Ginger,4,3,12,mastercard,5422217309327335
2000483,1000134,3000044,2024-07-20 02:41:59.435654,Outback Oatmeal,3,3,9,mastercard,5557343580222610
2000484,1000105,3000045,2024-07-12 09:23:39.038695,Pearly Pies,10,3,30,visa,4378016081828404
2000485,1000052,3000010,2024-07-29 01:21:09.326725,Tokyo Tidbits,10,3,30,mastercard,2295532939414696
2000486,1000018,3000045,2024-07-22 05:47:11.285655,Austin Almond Biscotti,1,3,3,mastercard,2239663062275429
2000487,1000112,3000010,2024-07-17 01:17:26.371273,Austin Almond Biscotti,8,3,24,visa,4466960102292210
2000488,1000248,3000035,2024-07-25 21:07:37.781801,Orchard Oasis,2,3,6,amex,373276681343963
2000489,1000178,3000032,2024-07-09 10:26:57.072977,Outback Oatmeal,4,3,12,amex,340669996751120
2000490,1000027,3000037,2024-07-01 20:27:25.731865,Tokyo Tidbits,8,3,24,mastercard,2707928150633315
2000491,1000148,3000022,2024-07-18 23:48:48.302692,Orchard Oasis,7,3,21,mastercard,2254667997494427
2000492,1000149,3000013,2024-07-15 17:14:56.093168,Orchard Oasis,1,3,3,mastercard,2368450610461732
2000493,1000120,3000017,2024-07-19 04:11:41.565195,Outback Oatmeal,10,3,30,amex,370530008361519
2000494,1000046,3000015,2024-07-24 21:15:36.807363,Pearly Pies,6,3,18,visa,4257160492128701
2000495,1000258,3000028,2024-07-29 16:07:52.401116,Austin Almond Biscotti,6,3,18,visa,4698846701484177
2000496,1000083,3000045,2024-07-16 00:21:30.166646,Austin Almond Biscotti,5,3,15,visa,4809571592325901
2000497,1000292,3000000,2024-07-27 18:18:12.540503,Austin Almond Biscotti,8,3,24,visa,4536304034732546
2000498,1000270,3000012,2024-07-16 13:32:50.616568,Pearly Pies,7,3,21,amex,374020946439342
2000499,1000286,3000009,2024-07-09 05:02:33.335867,Austin Almond Biscotti,6,3,18,mastercard,2720955928283332
2000500,1000138,3000004,2024-07-02 20:58:03.031045,Outback Oatmeal,3,3,9,amex,346908333360870
2000501,1000169,3000042,2024-07-04 16:09:22.044568,Orchard Oasis,3,3,9,visa,4596481901062889
2000502,1000291,3000028,2024-07-07 10:53:23.258085,Tokyo Tidbits,1,3,3,visa,4431280402898257
2000503,1000149,3000001,2024-07-26 19:08:09.243658,Austin Almond Biscotti,2,3,6,amex,374335388915041
2000504,1000075,3000046,2024-07-19 21:27:43.742664,Pearly Pies,10,3,30,amex,348420478700272
2000505,1000063,3000042,2024-07-29 17:10:19.605172,Golden Gate Ginger,8,3,24,visa,4092209774905226
2000506,1000121,3000037,2024-07-30 03:06:51.489349,Pearly Pies,8,3,24,visa,4464000280646895
2000507,1000034,3000041,2024-07-22 07:20:22.939942,Pearly Pies,1,3,3,amex,342769769609303
2000508,1000299,3000010,2024-07-22 02:18:40.006201,Outback Oatmeal,7,3,21,amex,345018393794009
2000509,1000204,3000026,2024-07-22 13:42:48.293289,Tokyo Tidbits,7,3,21,mastercard,2709822670032124
2000510,1000251,3000015,2024-07-29 06:16:35.038905,Outback Oatmeal,6,3,18,mastercard,5478809584700666
2000511,1000201,3000006,2024-07-19 16:39:57.397154,Outback Oatmeal,1,3,3,amex,377419992668902
2000512,1000078,3000018,2024-07-04 21:54:19.303709,Pearly Pies,6,3,18,mastercard,2248405596870930
2000513,1000017,3000039,2024-07-22 12:40:34.919662,Tokyo Tidbits,6,3,18,mastercard,5393711883938025
2000514,1000277,3000014,2024-07-02 07:02:22.186144,Orchard Oasis,2,3,6,amex,342275881342112
2000515,1000209,3000029,2024-07-11 19:36:22.648454,Outback Oatmeal,2,3,6,visa,4102373356136382
2000516,1000277,3000005,2024-07-08 00:45:47.716841,Orchard Oasis,8,3,24,amex,376505802107015
2000517,1000231,3000010,2024-07-16 13:24:43.201963,Outback Oatmeal,8,3,24,visa,4996619998193663
2000518,1000106,3000045,2024-07-07 15:03:05.289582,Tokyo Tidbits,9,3,27,amex,347577431890796
2000519,1000233,3000038,2024-07-30 17:49:24.441507,Austin Almond Biscotti,4,3,12,visa,4772444219916770
2000520,1000123,3000037,2024-07-25 12:00:43.592994,Pearly Pies,9,3,27,amex,377058061188630
2000521,1000097,3000016,2024-07-14 20:37:43.616447,Orchard Oasis,5,3,15,visa,4241400836344112
2000522,1000034,3000038,2024-07-21 14:23:41.511905,Pearly Pies,5,3,15,mastercard,2501239704937352
2000523,1000277,3000015,2024-07-23 19:23:55.137367,Golden Gate Ginger,7,3,21,mastercard,2720443430641677
2000524,1000041,3000036,2024-07-03 10:28:02.288813,Austin Almond Biscotti,9,3,27,mastercard,2537816735940923
2000525,1000171,3000013,2024-07-02 03:09:37.184052,Austin Almond Biscotti,7,3,21,mastercard,2636131806268638
2000526,1000137,3000031,2024-07-12 21:45:30.541607,Orchard Oasis,8,3,24,visa,4509368488967216
2000527,1000204,3000043,2024-07-14 17:48:38.394024,Orchard Oasis,10,3,30,mastercard,5241742393512939
2000528,1000041,3000021,2024-07-29 02:42:48.109797,Outback Oatmeal,7,3,21,mastercard,2223733165413702
2000529,1000023,3000047,2024-07-04 04:44:52.876677,Orchard Oasis,9,3,27,amex,374547551492240
2000530,1000134,3000043,2024-07-09 13:24:42.539246,Outback Oatmeal,6,3,18,visa,4872828189339386
2000531,1000270,3000040,2024-07-07 19:53:40.008122,Golden Gate Ginger,9,3,27,visa,4563947974814611
2000532,1000254,3000003,2024-07-12 18:17:00.968169,Outback Oatmeal,1,3,3,mastercard,5211757757833420
2000533,1000038,3000030,2024-07-03 23:13:49.410822,Orchard Oasis,6,3,18,visa,4533559836123375
2000534,1000055,3000032,2024-07-19 19:57:25.435016,Tokyo Tidbits,10,3,30,mastercard,5581612243386354
2000535,1000039,3000011,2024-07-26 02:02:02.327799,Tokyo Tidbits,7,3,21,visa,4050868589805267
2000536,1000263,3000005,2024-07-24 07:11:05.924668,Outback Oatmeal,9,3,27,mastercard,5256641309602838
2000537,1000013,3000014,2024-07-29 04:48:01.416240,Austin Almond Biscotti,3,3,9,amex,345909453077378
2000538,1000253,3000027,2024-07-23 01:19:32.261853,Austin Almond Biscotti,4,3,12,mastercard,5314636185936557
2000539,1000293,3000035,2024-07-09 08:51:06.006083,Austin Almond Biscotti,8,3,24,mastercard,2234774204545234
2000540,1000035,3000018,2024-07-06 16:42:38.317273,Outback Oatmeal,3,3,9,mastercard,2466975035304787
2000541,1000280,3000001,2024-07-09 22:34:44.060488,Golden Gate Ginger,1,3,3,mastercard,5244053785960018
2000542,1000188,3000006,2024-07-07 06:31:14.787855,Pearly Pies,2,3,6,mastercard,2706185325140491
2000543,1000040,3000005,2024-07-08 21:31:21.667645,Austin Almond Biscotti,7,3,21,amex,372956821677468
2000544,1000000,3000015,2024-07-22 21:06:11.368927,Pearly Pies,1,3,3,mastercard,5489395391879023
2000545,1000156,3000038,2024-07-17 08:01:20.401698,Tokyo Tidbits,5,3,15,mastercard,2228087634338627
2000546,1000284,3000002,2024-07-02 21:48:50.914929,Tokyo Tidbits,8,3,24,mastercard,5301904427474745
2000547,1000104,3000015,2024-07-28 03:31:15.305410,Outback Oatmeal,1,3,3,visa,4350538856360216
2000548,1000222,3000016,2024-07-14 10:26:04.087994,Orchard Oasis,1,3,3,amex,379941620405793
2000549,1000048,3000043,2024-07-10 08:52:18.561345,Outback Oatmeal,10,3,30,mastercard,5515206958264566
2000550,1000190,3000035,2024-07-19 09:35:15.772369,Austin Almond Biscotti,9,3,27,visa,4516223220138819
2000551,1000137,3000022,2024-07-24 10:39:35.727067,Austin Almond Biscotti,1,3,3,visa,4673870062583061
2000552,1000297,3000040,2024-07-08 14:08:38.579589,Pearly Pies,3,3,9,visa,4669771084740802
2000553,1000061,3000036,2024-07-03 12:24:19.945074,Austin Almond Biscotti,5,3,15,amex,341593154154290
2000554,1000261,3000016,2024-07-03 00:03:15.916743,Tokyo Tidbits,9,3,27,amex,370279973284989
2000555,1000222,3000033,2024-07-28 07:56:45.409459,Orchard Oasis,6,3,18,mastercard,5114023135420051
2000556,1000126,3000014,2024-07-11 04:48:22.163670,Pearly Pies,5,3,15,visa,4403248639996669
2000557,1000083,3000019,2024-07-11 17:15:34.899194,Golden Gate Ginger,4,3,12,visa,4755952576017900
2000558,1000019,3000017,2024-07-26 03:09:04.057477,Golden Gate Ginger,8,3,24,mastercard,2277924656380212
2000559,1000022,3000026,2024-07-11 02:57:58.160576,Tokyo Tidbits,9,3,27,mastercard,2671579955242430
2000560,1000206,3000021,2024-07-11 05:35:17.323767,Austin Almond Biscotti,1,3,3,mastercard,2278628402873789
2000561,1000252,3000045,2024-07-09 09:39:48.299252,Outback Oatmeal,5,3,15,visa,4649013670519661
2000562,1000025,3000036,2024-07-17 03:01:47.847601,Golden Gate Ginger,4,3,12,amex,375952721588746
2000563,1000087,3000023,2024-07-18 15:55:25.912191,Outback Oatmeal,4,3,12,visa,4488777944235296
2000564,1000273,3000007,2024-07-24 23:58:07.645680,Golden Gate Ginger,5,3,15,amex,375671441158842
2000565,1000037,3000030,2024-07-06 06:15:27.829854,Austin Almond Biscotti,9,3,27,mastercard,5292177208951626
2000566,1000093,3000017,2024-07-14 08:50:03.267882,Outback Oatmeal,4,3,12,visa,4653331387481956
2000567,1000048,3000019,2024-07-17 11:12:55.932198,Orchard Oasis,6,3,18,mastercard,2712224636080807
2000568,1000213,3000002,2024-07-09 05:33:25.681954,Tokyo Tidbits,10,3,30,amex,348430497291484
2000569,1000248,3000045,2024-07-29 09:58:42.450085,Golden Gate Ginger,9,3,27,mastercard,2720214082178031
2000570,1000266,3000039,2024-07-07 15:06:05.147139,Golden Gate Ginger,6,3,18,mastercard,2646937405096875
2000571,1000252,3000024,2024-07-20 05:14:38.183939,Outback Oatmeal,3,3,9,amex,344301465098512
2000572,1000283,3000007,2024-07-20 03:42:00.965776,Orchard Oasis,10,3,30,visa,4753583365844519
2000573,1000037,3000037,2024-07-17 08:26:53.773216,Orchard Oasis,2,3,6,mastercard,2263368565907218
2000574,1000062,3000011,2024-07-30 16:38:39.556276,Golden Gate Ginger,10,3,30,mastercard,5481868163540773
2000575,1000260,3000022,2024-07-02 02:22:07.468532,Pearly Pies,4,3,12,visa,4393745838641949
2000576,1000003,3000041,2024-07-28 00:34:47.502767,Austin Almond Biscotti,3,3,9,amex,371974715945264
2000577,1000096,3000037,2024-07-08 22:00:37.905747,Pearly Pies,5,3,15,mastercard,2253280288281213
2000578,1000259,3000036,2024-07-19 16:24:21.199827,Pearly Pies,6,3,18,amex,377299262921466
2000579,1000296,3000035,2024-07-31 00:05:54.220539,Orchard Oasis,2,3,6,visa,4537477079904755
2000580,1000227,3000001,2024-07-30 15:24:24.075222,Orchard Oasis,6,3,18,visa,4194353978371517
2000581,1000183,3000010,2024-07-06 18:35:03.124274,Golden Gate Ginger,5,3,15,mastercard,2275026875020132
2000582,1000009,3000022,2024-07-28 09:44:44.974250,Golden Gate Ginger,9,3,27,visa,4918701423526868
2000583,1000114,3000024,2024-07-11 13:51:02.740879,Orchard Oasis,5,3,15,amex,340078105323179
2000584,1000115,3000018,2024-07-28 15:28:44.441125,Orchard Oasis,10,3,30,amex,377849705292519
2000585,1000211,3000045,2024-07-06 01:40:50.131038,Pearly Pies,9,3,27,visa,4210427618307931
2000586,1000068,3000035,2024-07-15 05:47:09.727084,Outback Oatmeal,3,3,9,visa,4596434641107753
2000587,1000136,3000011,2024-07-19 15:48:07.330981,Golden Gate Ginger,1,3,3,mastercard,5225065335705381
2000588,1000145,3000044,2024-07-11 20:16:02.533758,Orchard Oasis,7,3,21,visa,4580147971846786
2000589,1000099,3000007,2024-07-15 05:01:33.429615,Orchard Oasis,5,3,15,visa,4263419469561761
2000590,1000111,3000045,2024-07-23 06:03:47.377834,Golden Gate Ginger,8,3,24,visa,4457688344535960
2000591,1000281,3000028,2024-07-21 07:52:45.397665,Tokyo Tidbits,4,3,12,mastercard,2296798421203694
2000592,1000060,3000012,2024-07-24 15:51:53.347843,Austin Almond Biscotti,1,3,3,visa,4196355500647825
2000593,1000023,3000018,2024-07-07 13:20:16.080341,Pearly Pies,5,3,15,amex,375161906814105
2000594,1000147,3000034,2024-07-15 10:05:46.203615,Austin Almond Biscotti,2,3,6,mastercard,2541923103859802
2000595,1000039,3000003,2024-07-14 02:05:56.960936,Pearly Pies,9,3,27,amex,377457045913248
2000596,1000109,3000016,2024-07-10 23:33:20.497111,Orchard Oasis,4,3,12,visa,4421605858872111
2000597,1000297,3000019,2024-07-06 04:37:20.510348,Golden Gate Ginger,6,3,18,mastercard,2235524215560253
2000598,1000232,3000040,2024-07-01 21:41:45.301911,Orchard Oasis,7,3,21,mastercard,2400071013560449
2000599,1000031,3000042,2024-07-05 09:07:21.281130,Orchard Oasis,5,3,15,amex,349625117265359
2000600,1000212,3000033,2024-07-17 21:40:03.865719,Outback Oatmeal,6,3,18,visa,4094049894305966
2000601,1000056,3000019,2024-07-10 20:12:00.526251,Orchard Oasis,1,3,3,visa,4655648051863419
2000602,1000114,3000025,2024-07-18 02:48:07.059387,Austin Almond Biscotti,9,3,27,visa,4443616693440810
2000603,1000036,3000023,2024-07-18 08:02:24.481124,Orchard Oasis,6,3,18,amex,340790038813692
2000604,1000241,3000046,2024-07-22 22:28:55.714733,Orchard Oasis,9,3,27,mastercard,2589173610661274
2000605,1000097,3000038,2024-07-24 13:24:41.591709,Orchard Oasis,10,3,30,mastercard,2238278901469751
2000606,1000120,3000013,2024-07-29 10:51:55.099645,Outback Oatmeal,9,3,27,mastercard,5228779862592544
2000607,1000158,3000040,2024-07-29 13:30:01.000908,Pearly Pies,2,3,6,mastercard,5334147842287810
2000608,1000168,3000000,2024-07-20 00:04:49.327495,Pearly Pies,9,3,27,amex,370674864813351
2000609,1000290,3000002,2024-07-21 11:04:12.212033,Tokyo Tidbits,3,3,9,amex,344675253692143
2000610,1000201,3000004,2024-07-29 01:43:21.404549,Orchard Oasis,1,3,3,amex,340076717550932
2000611,1000125,3000040,2024-07-30 21:54:32.225341,Austin Almond Biscotti,6,3,18,mastercard,2705478185936665
2000612,1000053,3000016,2024-07-14 18:06:11.715038,Outback Oatmeal,8,3,24,amex,345851316147487
2000613,1000133,3000011,2024-07-07 07:56:07.885626,Golden Gate Ginger,1,3,3,mastercard,2233532347483684
2000614,1000032,3000046,2024-07-17 00:06:58.104033,Golden Gate Ginger,3,3,9,mastercard,2289179608075362
2000615,1000107,3000006,2024-07-20 14:15:11.087993,Outback Oatmeal,7,3,21,amex,344031691900757
2000616,1000030,3000024,2024-07-16 12:51:24.936526,Tokyo Tidbits,9,3,27,visa,4783882451670745
2000617,1000218,3000038,2024-07-09 21:23:44.112156,Pearly Pies,9,3,27,visa,4786644793399640
2000618,1000117,3000015,2024-07-07 07:48:23.359830,Tokyo Tidbits,10,3,30,visa,4596043970557890
2000619,1000091,3000019,2024-07-06 09:56:44.921120,Tokyo Tidbits,7,3,21,amex,340578723848499
2000620,1000086,3000016,2024-07-26 23:04:57.456420,Outback Oatmeal,6,3,18,amex,377840308902109
2000621,1000161,3000023,2024-07-09 11:47:43.224702,Pearly Pies,9,3,27,amex,377176779987125
2000622,1000037,3000032,2024-07-05 09:45:32.196039,Tokyo Tidbits,1,3,3,amex,344946023985541
2000623,1000091,3000047,2024-07-12 17:05:24.229263,Golden Gate Ginger,8,3,24,visa,4418931024021416
2000624,1000013,3000005,2024-07-20 23:13:22.670775,Orchard Oasis,2,3,6,visa,4782193312119083
2000625,1000025,3000005,2024-07-18 14:35:18.468451,Orchard Oasis,2,3,6,visa,4880085388758201
2000626,1000108,3000014,2024-07-15 06:56:18.197140,Pearly Pies,8,3,24,visa,4247294594489100
2000627,1000001,3000005,2024-07-02 21:31:01.803689,Austin Almond Biscotti,5,3,15,visa,4478490628284661
2000628,1000186,3000006,2024-07-26 14:16:10.238354,Outback Oatmeal,1,3,3,mastercard,5247780757406037
2000629,1000053,3000042,2024-07-13 22:25:36.508883,Pearly Pies,9,3,27,visa,4927094424863400
2000630,1000191,3000026,2024-07-04 04:59:30.997899,Orchard Oasis,1,3,3,mastercard,2254518435645031
2000631,1000239,3000021,2024-07-06 19:49:07.946933,Outback Oatmeal,4,3,12,amex,341287936670380
2000632,1000127,3000032,2024-07-29 19:27:14.924575,Austin Almond Biscotti,2,3,6,amex,348094731685958
2000633,1000188,3000040,2024-07-02 06:01:57.804612,Austin Almond Biscotti,9,3,27,visa,4290079846034747
2000634,1000231,3000043,2024-07-26 09:15:25.192129,Outback Oatmeal,1,3,3,visa,4915862250236618
2000635,1000196,3000015,2024-07-23 01:34:19.353595,Golden Gate Ginger,8,3,24,amex,340016841005494
2000636,1000035,3000021,2024-07-11 14:31:25.050436,Golden Gate Ginger,10,3,30,visa,4407011344018997
2000637,1000172,3000026,2024-07-07 23:46:35.552795,Golden Gate Ginger,10,3,30,amex,344884018041915
2000638,1000254,3000014,2024-07-13 17:21:18.018363,Golden Gate Ginger,4,3,12,amex,378672745542845
2000639,1000029,3000043,2024-07-15 07:57:11.947663,Orchard Oasis,10,3,30,visa,4491756223690970
2000640,1000179,3000031,2024-07-20 21:01:53.469687,Orchard Oasis,7,3,21,mastercard,2707601524950737
2000641,1000194,3000037,2024-07-01 14:24:44.395527,Outback Oatmeal,4,3,12,amex,342330722517511
2000642,1000282,3000027,2024-07-20 17:42:25.863299,Outback Oatmeal,7,3,21,amex,379900815151141
2000643,1000067,3000007,2024-07-01 13:59:13.810566,Orchard Oasis,9,3,27,mastercard,5537464329393259
2000644,1000003,3000020,2024-07-27 08:20:57.666396,Golden Gate Ginger,2,3,6,visa,4617895070761531
2000645,1000082,3000011,2024-07-16 10:17:44.447027,Tokyo Tidbits,9,3,27,visa,4192968022403685
2000646,1000280,3000010,2024-07-14 02:48:32.915097,Tokyo Tidbits,9,3,27,visa,4354460255618779
2000647,1000265,3000031,2024-07-17 21:54:42.907233,Austin Almond Biscotti,3,3,9,visa,4752069890560599
2000648,1000123,3000030,2024-07-10 06:32:41.104977,Austin Almond Biscotti,3,3,9,visa,4251232985950135
2000649,1000003,3000011,2024-07-06 11:05:01.002904,Austin Almond Biscotti,4,3,12,mastercard,5310014027943542
2000650,1000193,3000004,2024-07-15 21:05:39.911797,Austin Almond Biscotti,6,3,18,visa,4579808205022683
2000651,1000067,3000035,2024-07-27 04:17:05.142081,Pearly Pies,9,3,27,mastercard,2459195571886084
2000652,1000153,3000016,2024-07-20 11:44:10.931719,Outback Oatmeal,8,3,24,mastercard,2507310848953607
2000653,1000121,3000023,2024-07-27 01:37:54.509047,Orchard Oasis,9,3,27,mastercard,5439202606987131
2000654,1000160,3000018,2024-07-08 20:51:18.768140,Outback Oatmeal,8,3,24,visa,4631596371439650
2000655,1000215,3000000,2024-07-01 10:21:09.920872,Orchard Oasis,8,3,24,mastercard,2308493571072026
2000656,1000196,3000007,2024-07-11 14:19:20.137769,Orchard Oasis,2,3,6,visa,4314551938055071
2000657,1000159,3000028,2024-07-25 19:35:36.695216,Orchard Oasis,3,3,9,amex,378898773488516
2000658,1000110,3000031,2024-07-30 01:38:05.882802,Orchard Oasis,5,3,15,mastercard,2296389991818127
2000659,1000170,3000027,2024-07-03 19:53:03.362448,Outback Oatmeal,10,3,30,mastercard,2590556611043244
2000660,1000224,3000024,2024-07-27 16:44:22.360431,Outback Oatmeal,1,3,3,amex,378648211481601
2000661,1000250,3000002,2024-07-28 16:57:28.137825,Golden Gate Ginger,2,3,6,visa,4904538800163857
2000662,1000074,3000044,2024-07-21 11:28:42.857370,Tokyo Tidbits,7,3,21,amex,374390381923658
2000663,1000132,3000005,2024-07-10 13:52:13.777965,Outback Oatmeal,9,3,27,visa,4864903094954544
2000664,1000149,3000046,2024-07-27 11:26:34.079199,Golden Gate Ginger,2,3,6,visa,4552039782642484
2000665,1000162,3000014,2024-07-02 15:01:22.164790,Orchard Oasis,4,3,12,amex,342698697223228
2000666,1000072,3000013,2024-07-13 16:26:00.979071,Austin Almond Biscotti,6,3,18,visa,4976977392088747
2000667,1000181,3000025,2024-07-10 16:10:42.030223,Pearly Pies,4,3,12,visa,4418055273441933
2000668,1000072,3000019,2024-07-10 04:36:04.319130,Pearly Pies,1,3,3,amex,377181870742551
2000669,1000049,3000039,2024-07-23 01:36:38.745524,Outback Oatmeal,6,3,18,amex,375526034683319
2000670,1000246,3000014,2024-07-21 22:56:08.665977,Orchard Oasis,8,3,24,amex,342140422585027
2000671,1000055,3000002,2024-07-04 02:24:21.699939,Outback Oatmeal,4,3,12,amex,372226310603676
2000672,1000116,3000045,2024-07-22 15:16:01.527249,Austin Almond Biscotti,9,3,27,amex,340028935869974
2000673,1000084,3000012,2024-07-13 02:42:29.339195,Tokyo Tidbits,3,3,9,amex,376745127630735
2000674,1000062,3000036,2024-07-21 21:36:46.088387,Golden Gate Ginger,2,3,6,amex,349212121322243
2000675,1000106,3000036,2024-07-02 17:22:56.258942,Pearly Pies,1,3,3,mastercard,2582511529870360
2000676,1000120,3000031,2024-07-30 02:26:19.452711,Outback Oatmeal,1,3,3,mastercard,5321254151932815
2000677,1000048,3000024,2024-07-16 14:17:44.344818,Golden Gate Ginger,6,3,18,amex,370846772389209
2000678,1000106,3000012,2024-07-08 00:15:56.791670,Golden Gate Ginger,10,3,30,mastercard,5258621388189301
2000679,1000013,3000026,2024-07-13 22:13:07.078983,Austin Almond Biscotti,2,3,6,mastercard,2225659536444118
2000680,1000087,3000020,2024-07-13 09:04:13.596144,Pearly Pies,2,3,6,visa,4922010323934808
2000681,1000198,3000037,2024-07-03 09:45:14.030309,Golden Gate Ginger,7,3,21,visa,4812871571104292
2000682,1000013,3000009,2024-07-25 07:50:03.141284,Austin Almond Biscotti,9,3,27,visa,4748764205149248
2000683,1000013,3000022,2024-07-05 09:30:45.989062,Orchard Oasis,2,3,6,amex,376487959443867
2000684,1000020,3000042,2024-07-01 17:16:46.495193,Golden Gate Ginger,3,3,9,visa,4006526098256779
2000685,1000011,3000010,2024-07-28 11:06:01.026036,Outback Oatmeal,5,3,15,visa,4971673447952251
2000686,1000243,3000020,2024-07-23 00:04:02.215377,Tokyo Tidbits,3,3,9,mastercard,2291981091775333
2000687,1000117,3000009,2024-07-12 21:44:56.883625,Outback Oatmeal,10,3,30,visa,4710785961961991
2000688,1000270,3000009,2024-07-16 11:14:31.450434,Golden Gate Ginger,10,3,30,mastercard,2284450278571799
2000689,1000281,3000038,2024-07-16 19:21:59.469945,Orchard Oasis,7,3,21,visa,4237542422351047
2000690,1000145,3000028,2024-07-26 19:16:40.363560,Outback Oatmeal,2,3,6,mastercard,2325373552434222
2000691,1000289,3000047,2024-07-27 10:41:40.469048,Pearly Pies,4,3,12,amex,346890826421189
2000692,1000226,3000029,2024-07-23 13:55:46.390326,Orchard Oasis,3,3,9,amex,340898089041327
2000693,1000034,3000015,2024-07-01 23:26:21.451731,Austin Almond Biscotti,5,3,15,mastercard,2231919606547196
2000694,1000021,3000019,2024-07-16 20:40:50.655111,Tokyo Tidbits,10,3,30,amex,347234151459150
2000695,1000278,3000047,2024-07-27 00:54:44.491048,Austin Almond Biscotti,8,3,24,mastercard,5555555505062795
2000696,1000136,3000002,2024-07-20 16:56:03.491386,Pearly Pies,10,3,30,mastercard,2561749164995234
2000697,1000214,3000013,2024-07-05 09:31:06.607740,Outback Oatmeal,6,3,18,visa,4797428753952110
2000698,1000189,3000011,2024-07-12 22:07:02.427695,Golden Gate Ginger,8,3,24,visa,4846471863778091
2000699,1000132,3000031,2024-07-05 03:58:34.289361,Tokyo Tidbits,1,3,3,amex,343074579941676
2000700,1000077,3000007,2024-07-09 18:39:29.425843,Outback Oatmeal,7,3,21,amex,347300907236802
2000701,1000093,3000042,2024-07-07 16:39:48.230607,Pearly Pies,4,3,12,mastercard,2221075409330967
2000702,1000258,3000011,2024-07-24 19:46:34.120036,Pearly Pies,8,3,24,visa,4206437741958944
2000703,1000175,3000042,2024-07-23 05:01:36.404312,Golden Gate Ginger,7,3,21,amex,378759378655497
2000704,1000277,3000043,2024-07-27 14:55:28.835161,Orchard Oasis,4,3,12,amex,371753593958528
2000705,1000123,3000008,2024-07-05 20:52:25.498086,Pearly Pies,8,3,24,mastercard,2340689019293427
2000706,1000235,3000027,2024-07-10 06:22:22.702260,Pearly Pies,3,3,9,mastercard,2222188642657994
2000707,1000056,3000047,2024-07-23 16:10:45.699678,Pearly Pies,1,3,3,amex,374568563779085
2000708,1000261,3000021,2024-07-27 19:31:24.419475,Austin Almond Biscotti,8,3,24,amex,373730163808612
2000709,1000040,3000004,2024-07-06 17:12:16.218150,Austin Almond Biscotti,10,3,30,visa,4604899461890201
2000710,1000246,3000046,2024-07-29 19:54:06.518387,Outback Oatmeal,2,3,6,amex,372184169261379
2000711,1000063,3000010,2024-07-04 00:36:30.253343,Outback Oatmeal,10,3,30,mastercard,2235520021591995
2000712,1000015,3000009,2024-07-16 03:25:19.362123,Orchard Oasis,8,3,24,amex,348415020926284
2000713,1000243,3000034,2024-07-19 10:20:45.919066,Outback Oatmeal,3,3,9,visa,4423299361156598
2000714,1000165,3000003,2024-07-08 04:41:55.190715,Orchard Oasis,9,3,27,amex,342534846988165
2000715,1000016,3000014,2024-07-13 18:43:03.604698,Golden Gate Ginger,1,3,3,visa,4951366259866289
2000716,1000078,3000022,2024-07-26 15:13:44.102740,Austin Almond Biscotti,2,3,6,amex,346139374352846
2000717,1000010,3000021,2024-07-23 12:17:18.854602,Outback Oatmeal,8,3,24,amex,375731727422039
2000718,1000126,3000017,2024-07-27 22:14:08.335376,Austin Almond Biscotti,7,3,21,amex,372635442584002
2000719,1000266,3000000,2024-07-07 13:17:32.760122,Pearly Pies,7,3,21,mastercard,5592101283424215
2000720,1000040,3000006,2024-07-26 12:08:33.565686,Pearly Pies,10,3,30,visa,4557958573983341
2000721,1000181,3000024,2024-07-24 13:28:56.519878,Golden Gate Ginger,10,3,30,amex,377356377006870
2000722,1000167,3000009,2024-07-02 17:45:49.408876,Golden Gate Ginger,3,3,9,visa,4919128021565883
2000723,1000069,3000006,2024-07-21 08:04:25.306230,Tokyo Tidbits,7,3,21,mastercard,2244432535370040
2000724,1000115,3000008,2024-07-03 05:58:06.797984,Golden Gate Ginger,2,3,6,amex,379042529551595
2000725,1000271,3000006,2024-07-03 21:41:17.119335,Tokyo Tidbits,4,3,12,mastercard,2470469866540861
2000726,1000042,3000020,2024-07-19 17:27:35.205932,Outback Oatmeal,8,3,24,amex,346772915511882
2000727,1000283,3000030,2024-07-22 04:55:06.152683,Outback Oatmeal,1,3,3,mastercard,2251832619862715
2000728,1000272,3000018,2024-07-20 22:00:37.182320,Tokyo Tidbits,1,3,3,visa,4731667940638699
2000729,1000030,3000006,2024-07-25 04:34:58.462680,Orchard Oasis,4,3,12,amex,346176904735124
2000730,1000099,3000036,2024-07-15 21:53:58.635889,Pearly Pies,7,3,21,amex,375864210903171
2000731,1000142,3000041,2024-07-10 02:46:51.748653,Tokyo Tidbits,6,3,18,mastercard,2270432928751126
2000732,1000104,3000041,2024-07-07 23:00:11.103885,Golden Gate Ginger,2,3,6,visa,4138136263532680
2000733,1000210,3000015,2024-07-05 09:29:15.122771,Tokyo Tidbits,3,3,9,mastercard,2715416492990270
2000734,1000166,3000025,2024-07-16 10:34:03.968936,Tokyo Tidbits,1,3,3,visa,4271749920040983
2000735,1000029,3000045,2024-07-06 02:06:41.100880,Orchard Oasis,2,3,6,visa,4602314179213789
2000736,1000065,3000016,2024-07-07 18:43:31.867183,Austin Almond Biscotti,1,3,3,amex,346792685184348
2000737,1000167,3000030,2024-07-10 09:47:10.992584,Outback Oatmeal,2,3,6,amex,349832216588315
2000738,1000291,3000022,2024-07-09 23:50:22.804681,Austin Almond Biscotti,8,3,24,amex,348013906275403
2000739,1000168,3000034,2024-07-24 19:51:27.587655,Tokyo Tidbits,7,3,21,mastercard,2272647205915700
2000740,1000252,3000024,2024-07-23 06:41:06.472335,Outback Oatmeal,1,3,3,mastercard,2716290879541009
2000741,1000105,3000014,2024-07-04 15:05:16.261468,Austin Almond Biscotti,8,3,24,visa,4748239947975994
2000742,1000152,3000018,2024-07-18 14:30:45.435538,Orchard Oasis,7,3,21,mastercard,2705764794171004
2000743,1000267,3000027,2024-07-26 13:13:11.331638,Orchard Oasis,7,3,21,mastercard,2277596426343264
2000744,1000060,3000035,2024-07-10 20:28:06.423599,Golden Gate Ginger,3,3,9,mastercard,2716302162576665
2000745,1000115,3000039,2024-07-23 22:57:12.666839,Golden Gate Ginger,9,3,27,amex,373599058555814
2000746,1000061,3000007,2024-07-21 00:11:46.113039,Pearly Pies,10,3,30,amex,374161882552423
2000747,1000112,3000027,2024-07-02 20:32:39.196669,Orchard Oasis,1,3,3,visa,4244257776449005
2000748,1000032,3000043,2024-07-13 20:11:57.642711,Golden Gate Ginger,1,3,3,mastercard,5335644690808415
2000749,1000156,3000018,2024-07-05 06:09:52.096259,Golden Gate Ginger,4,3,12,mastercard,2269987340017342
2000750,1000203,3000006,2024-07-30 08:12:50.653274,Golden Gate Ginger,1,3,3,mastercard,5480749973427081
2000751,1000003,3000041,2024-07-03 05:29:02.429576,Orchard Oasis,10,3,30,visa,4147893840503407
2000752,1000111,3000000,2024-07-22 17:10:04.831593,Tokyo Tidbits,1,3,3,mastercard,5311300057964386
2000753,1000208,3000012,2024-07-11 07:55:12.327343,Orchard Oasis,3,3,9,visa,4088858772054175
2000754,1000280,3000008,2024-07-06 12:57:21.806844,Pearly Pies,2,3,6,visa,4410598921519483
2000755,1000045,3000012,2024-07-05 16:40:16.321069,Pearly Pies,8,3,24,visa,4735649881321739
2000756,1000294,3000024,2024-07-11 20:38:00.524830,Pearly Pies,3,3,9,amex,344993593880892
2000757,1000121,3000038,2024-07-19 20:38:13.325692,Outback Oatmeal,8,3,24,amex,378634473759033
2000758,1000040,3000021,2024-07-13 04:49:25.295621,Pearly Pies,8,3,24,mastercard,2312796267192146
2000759,1000247,3000007,2024-07-08 20:46:16.869803,Orchard Oasis,9,3,27,mastercard,2712248902948850
2000760,1000225,3000007,2024-07-21 16:14:26.013266,Outback Oatmeal,6,3,18,mastercard,2236230645992723
2000761,1000108,3000003,2024-07-01 21:49:51.918764,Orchard Oasis,1,3,3,visa,4186957434416599
2000762,1000134,3000033,2024-07-18 11:07:05.904961,Outback Oatmeal,5,3,15,visa,4136177048247790
2000763,1000175,3000020,2024-07-16 16:57:21.016747,Outback Oatmeal,1,3,3,visa,4706512518173375
2000764,1000077,3000003,2024-07-11 06:20:43.652780,Outback Oatmeal,7,3,21,amex,378810208726261
2000765,1000271,3000025,2024-07-23 14:06:18.301440,Golden Gate Ginger,3,3,9,visa,4790243032447486
2000766,1000177,3000041,2024-07-10 02:08:32.188656,Orchard Oasis,3,3,9,mastercard,2246850830165369
2000767,1000072,3000028,2024-07-08 03:51:28.490575,Golden Gate Ginger,2,3,6,visa,4413300521333952
2000768,1000295,3000011,2024-07-21 20:55:51.465206,Pearly Pies,4,3,12,mastercard,5572622130945205
2000769,1000159,3000006,2024-07-27 02:38:41.480838,Austin Almond Biscotti,5,3,15,amex,343904691409337
2000770,1000182,3000030,2024-07-25 06:11:47.981357,Austin Almond Biscotti,10,3,30,visa,4745692862398746
2000771,1000175,3000041,2024-07-30 02:39:35.961701,Tokyo Tidbits,8,3,24,mastercard,2265452727275165
2000772,1000281,3000041,2024-07-20 04:51:42.962056,Austin Almond Biscotti,10,3,30,amex,348343221984847
2000773,1000158,3000020,2024-07-17 08:27:31.557597,Pearly Pies,7,3,21,amex,344766323591934
2000774,1000252,3000002,2024-07-08 03:05:01.818491,Golden Gate Ginger,4,3,12,mastercard,5394880379936576
2000775,1000037,3000047,2024-07-10 16:30:56.775975,Golden Gate Ginger,2,3,6,mastercard,5409978115305099
2000776,1000012,3000042,2024-07-13 05:09:57.764847,Pearly Pies,7,3,21,amex,349310855796093
2000777,1000287,3000040,2024-07-11 03:53:42.833282,Outback Oatmeal,6,3,18,amex,376098990041345
2000778,1000249,3000005,2024-07-28 05:16:20.243082,Outback Oatmeal,10,3,30,visa,4232989615381569
2000779,1000275,3000006,2024-07-25 10:29:59.481928,Orchard Oasis,10,3,30,amex,379656855143477
2000780,1000006,3000038,2024-07-07 00:59:59.220478,Golden Gate Ginger,9,3,27,mastercard,5454847169340308
2000781,1000005,3000033,2024-07-16 11:12:37.834796,Orchard Oasis,1,3,3,mastercard,2274750647868632
2000782,1000162,3000002,2024-07-07 07:05:14.570791,Orchard Oasis,1,3,3,visa,4529536713226477
2000783,1000051,3000029,2024-07-01 15:47:47.199894,Orchard Oasis,1,3,3,amex,376936133792144
2000784,1000247,3000002,2024-07-26 20:56:51.139742,Pearly Pies,9,3,27,mastercard,2287880399599427
2000785,1000174,3000047,2024-07-06 12:09:27.006092,Orchard Oasis,1,3,3,visa,4265331279212964
2000786,1000169,3000044,2024-07-13 10:13:59.804591,Tokyo Tidbits,1,3,3,amex,377969453729528
2000787,1000254,3000026,2024-07-28 17:04:54.325088,Outback Oatmeal,5,3,15,visa,4712632045477198
2000788,1000138,3000006,2024-07-08 21:30:00.573725,Golden Gate Ginger,10,3,30,amex,347781195889966
2000789,1000225,3000017,2024-07-17 06:07:12.267778,Golden Gate Ginger,3,3,9,visa,4044606678150230
2000790,1000216,3000045,2024-07-16 09:56:16.631019,Outback Oatmeal,3,3,9,visa,4320086750035358
2000791,1000255,3000040,2024-07-19 15:06:04.272059,Golden Gate Ginger,4,3,12,visa,4906900018592814
2000792,1000017,3000033,2024-07-22 23:06:04.927485,Austin Almond Biscotti,2,3,6,amex,346134707034591
2000793,1000180,3000025,2024-07-23 23:03:18.231333,Austin Almond Biscotti,3,3,9,amex,377878452268158
2000794,1000259,3000034,2024-07-10 09:05:49.252930,Golden Gate Ginger,1,3,3,mastercard,2710324233190082
2000795,1000251,3000012,2024-07-27 16:39:34.316430,Pearly Pies,9,3,27,amex,341118016771394
2000796,1000137,3000027,2024-07-20 03:25:02.657921,Orchard Oasis,2,3,6,visa,4672780485713032
2000797,1000049,3000011,2024-07-28 12:03:43.569949,Orchard Oasis,7,3,21,mastercard,2703548906152867
2000798,1000118,3000008,2024-07-30 09:40:18.233836,Golden Gate Ginger,10,3,30,amex,376973625858299
2000799,1000282,3000047,2024-07-30 23:11:26.123310,Outback Oatmeal,6,3,18,visa,4574374677106525
2000800,1000297,3000035,2024-07-05 03:15:49.921761,Outback Oatmeal,6,3,18,visa,4985662657556674
2000801,1000292,3000005,2024-07-22 20:30:44.860457,Golden Gate Ginger,4,3,12,visa,4171031865045504
2000802,1000148,3000039,2024-07-28 07:47:58.656905,Outback Oatmeal,4,3,12,visa,4861990480437880
2000803,1000060,3000033,2024-07-03 03:00:31.016160,Orchard Oasis,5,3,15,amex,374470251458843
2000804,1000226,3000019,2024-07-05 04:31:53.050543,Tokyo Tidbits,3,3,9,amex,341161795348349
2000805,1000031,3000044,2024-07-03 20:07:48.332563,Pearly Pies,9,3,27,amex,349615280865861
2000806,1000060,3000025,2024-07-06 16:30:49.320043,Tokyo Tidbits,3,3,9,visa,4908951767487845
2000807,1000294,3000047,2024-07-17 00:07:52.935974,Austin Almond Biscotti,6,3,18,mastercard,5334891579659275
2000808,1000023,3000019,2024-07-28 11:17:01.536189,Orchard Oasis,9,3,27,mastercard,5453341749234141
2000809,1000292,3000001,2024-07-21 16:01:18.358999,Outback Oatmeal,4,3,12,visa,4106977396394920
2000810,1000073,3000022,2024-07-15 06:54:20.064044,Orchard Oasis,6,3,18,visa,4991550611060705
2000811,1000250,3000026,2024-07-05 13:52:37.067683,Tokyo Tidbits,3,3,9,amex,371122548125296
2000812,1000067,3000032,2024-07-01 12:45:11.845330,Tokyo Tidbits,1,3,3,visa,4043365377586548
2000813,1000208,3000022,2024-07-30 12:06:40.986899,Orchard Oasis,3,3,9,amex,348574376915398
2000814,1000295,3000017,2024-07-17 03:41:17.525485,Golden Gate Ginger,5,3,15,amex,374778503366519
2000815,1000208,3000045,2024-07-20 16:09:12.967783,Austin Almond Biscotti,1,3,3,mastercard,2357136185888564
2000816,1000110,3000001,2024-07-24 22:05:40.814572,Austin Almond Biscotti,3,3,9,amex,375956594222457
2000817,1000082,3000037,2024-07-10 11:22:11.042095,Pearly Pies,6,3,18,amex,370306978422114
2000818,1000102,3000003,2024-07-07 16:09:41.577353,Golden Gate Ginger,4,3,12,visa,4203174510084585
2000819,1000203,3000016,2024-07-06 13:17:29.921694,Tokyo Tidbits,10,3,30,amex,344832220831276
2000820,1000236,3000007,2024-07-30 19:25:58.072320,Tokyo Tidbits,9,3,27,amex,374398424725964
2000821,1000233,3000040,2024-07-25 13:13:27.965328,Orchard Oasis,5,3,15,amex,377542704782172
2000822,1000011,3000036,2024-07-02 09:01:33.241170,Tokyo Tidbits,1,3,3,visa,4267494547907092
2000823,1000276,3000024,2024-07-11 08:36:21.209816,Outback Oatmeal,10,3,30,amex,374036362788301
2000824,1000172,3000039,2024-07-04 11:35:53.116800,Orchard Oasis,3,3,9,visa,4751775696813567
2000825,1000027,3000023,2024-07-27 11:32:28.464676,Pearly Pies,5,3,15,mastercard,2705030969022731
2000826,1000046,3000005,2024-07-29 11:54:58.472448,Outback Oatmeal,6,3,18,mastercard,2255143462198918
2000827,1000061,3000028,2024-07-15 03:31:34.163246,Pearly Pies,7,3,21,mastercard,2279675588020619
2000828,1000172,3000014,2024-07-12 22:09:01.811938,Tokyo Tidbits,9,3,27,mastercard,2710806497109832
2000829,1000087,3000043,2024-07-07 07:44:37.796850,Austin Almond Biscotti,4,3,12,mastercard,5289899709606772
2000830,1000232,3000014,2024-07-29 19:01:02.609039,Orchard Oasis,9,3,27,amex,379684066240007
2000831,1000125,3000032,2024-07-15 23:42:32.822322,Austin Almond Biscotti,7,3,21,amex,372508568117552
2000832,1000093,3000047,2024-07-30 04:35:25.814054,Golden Gate Ginger,9,3,27,amex,344793559988204
2000833,1000257,3000031,2024-07-30 14:07:00.458079,Outback Oatmeal,3,3,9,mastercard,2233993050597575
2000834,1000011,3000042,2024-07-29 22:36:32.816304,Austin Almond Biscotti,10,3,30,amex,341992587795184
2000835,1000169,3000044,2024-07-15 23:01:42.095519,Austin Almond Biscotti,1,3,3,visa,4880295244360726
2000836,1000089,3000030,2024-07-26 11:15:01.186243,Austin Almond Biscotti,6,3,18,amex,375037537761339
2000837,1000182,3000046,2024-07-17 17:13:38.791113,Pearly Pies,10,3,30,mastercard,2714961127572564
2000838,1000036,3000008,2024-07-19 01:32:19.715918,Austin Almond Biscotti,5,3,15,mastercard,2251989699449407
2000839,1000092,3000027,2024-07-20 21:36:35.368010,Outback Oatmeal,3,3,9,mastercard,2715438504924337
2000840,1000296,3000023,2024-07-30 11:31:15.764203,Orchard Oasis,3,3,9,visa,4986898416465802
2000841,1000237,3000001,2024-07-10 09:27:49.424794,Outback Oatmeal,3,3,9,mastercard,2268578682118169
2000842,1000299,3000012,2024-07-04 01:10:20.251062,Tokyo Tidbits,3,3,9,mastercard,2247955783467610
2000843,1000265,3000025,2024-07-20 16:28:23.391315,Golden Gate Ginger,6,3,18,visa,4283498377939208
2000844,1000266,3000002,2024-07-25 20:33:57.438971,Orchard Oasis,3,3,9,visa,4114101484092110
2000845,1000164,3000037,2024-07-24 14:40:39.424956,Orchard Oasis,2,3,6,visa,4234843596034408
2000846,1000064,3000001,2024-07-17 21:24:01.351638,Orchard Oasis,10,3,30,amex,346421193590768
2000847,1000281,3000037,2024-07-04 13:04:09.029452,Tokyo Tidbits,4,3,12,mastercard,2654126709645426
2000848,1000208,3000026,2024-07-12 13:33:50.058741,Pearly Pies,5,3,15,amex,378318922949854
2000849,1000241,3000014,2024-07-28 23:44:35.718089,Outback Oatmeal,8,3,24,amex,341307469697335
2000850,1000169,3000017,2024-07-04 01:21:19.311566,Golden Gate Ginger,2,3,6,mastercard,5489575814284048
2000851,1000260,3000019,2024-07-12 17:57:35.639510,Pearly Pies,6,3,18,mastercard,2257945691877668
2000852,1000215,3000008,2024-07-06 17:24:27.015848,Austin Almond Biscotti,3,3,9,mastercard,2408165662798029
2000853,1000286,3000032,2024-07-05 14:55:23.545946,Austin Almond Biscotti,6,3,18,visa,4744882708952183
2000854,1000122,3000012,2024-07-20 12:24:02.710791,Pearly Pies,2,3,6,visa,4912531165698641
2000855,1000102,3000035,2024-07-19 18:34:11.042628,Golden Gate Ginger,7,3,21,visa,4184471837043796
2000856,1000201,3000033,2024-07-17 15:14:41.670503,Pearly Pies,7,3,21,mastercard,2368257582497747
2000857,1000232,3000030,2024-07-02 05:47:15.520606,Golden Gate Ginger,10,3,30,amex,373562112753726
2000858,1000277,3000031,2024-07-15 18:35:58.006502,Pearly Pies,5,3,15,visa,4736252875501843
2000859,1000163,3000013,2024-07-27 03:53:07.042704,Pearly Pies,10,3,30,visa,4657850607939655
2000860,1000110,3000014,2024-07-21 20:12:54.647867,Pearly Pies,2,3,6,amex,376573281367930
2000861,1000031,3000036,2024-07-22 06:30:07.045278,Pearly Pies,10,3,30,mastercard,2227772595346393
2000862,1000213,3000016,2024-07-08 02:37:52.342906,Orchard Oasis,7,3,21,mastercard,2226100849405305
2000863,1000054,3000042,2024-07-18 16:43:50.248305,Pearly Pies,10,3,30,mastercard,5398913539247620
2000864,1000192,3000029,2024-07-13 17:34:35.724217,Tokyo Tidbits,1,3,3,amex,340666057909639
2000865,1000226,3000040,2024-07-05 06:38:39.511663,Pearly Pies,10,3,30,visa,4242299188952921
2000866,1000178,3000001,2024-07-13 04:15:44.913480,Outback Oatmeal,8,3,24,amex,342836500482496
2000867,1000211,3000039,2024-07-14 12:28:58.661080,Tokyo Tidbits,4,3,12,mastercard,2248220314482979
2000868,1000056,3000015,2024-07-22 01:21:53.382996,Tokyo Tidbits,10,3,30,visa,4598541652810170
2000869,1000189,3000039,2024-07-07 04:58:17.936547,Tokyo Tidbits,6,3,18,amex,378643157979825
2000870,1000182,3000047,2024-07-06 07:49:41.501104,Outback Oatmeal,10,3,30,amex,370154334914188
2000871,1000117,3000032,2024-07-22 10:57:47.373368,Pearly Pies,9,3,27,visa,4362693218565394
2000872,1000270,3000016,2024-07-18 14:55:55.990629,Tokyo Tidbits,2,3,6,visa,4535350704404966
2000873,1000282,3000043,2024-07-24 16:38:39.335372,Orchard Oasis,1,3,3,visa,4387852964827462
2000874,1000290,3000045,2024-07-07 22:53:23.966655,Outback Oatmeal,6,3,18,amex,340005259747770
2000875,1000197,3000000,2024-07-18 02:23:54.078122,Tokyo Tidbits,3,3,9,amex,340587023644755
2000876,1000048,3000032,2024-07-28 15:20:43.582104,Tokyo Tidbits,6,3,18,visa,4428046265526813
2000877,1000206,3000013,2024-07-28 08:55:20.218879,Pearly Pies,9,3,27,amex,373754757690814
2000878,1000256,3000015,2024-07-14 05:08:21.001601,Pearly Pies,1,3,3,amex,376550425225620
2000879,1000171,3000036,2024-07-08 16:22:50.161636,Tokyo Tidbits,3,3,9,visa,4223742373934264
2000880,1000160,3000005,2024-07-07 20:25:53.492718,Outback Oatmeal,2,3,6,mastercard,2222840047574030
2000881,1000176,3000038,2024-07-04 19:02:41.693413,Golden Gate Ginger,1,3,3,amex,346897657518942
2000882,1000281,3000022,2024-07-08 07:14:21.289470,Pearly Pies,3,3,9,visa,4910988757977522
2000883,1000182,3000014,2024-07-04 01:03:41.587611,Outback Oatmeal,5,3,15,mastercard,2720647984742430
2000884,1000093,3000002,2024-07-16 06:36:08.406417,Golden Gate Ginger,2,3,6,amex,349712866051303
2000885,1000273,3000002,2024-07-08 22:46:30.124203,Tokyo Tidbits,2,3,6,amex,343486234674882
2000886,1000124,3000029,2024-07-03 02:59:24.818696,Orchard Oasis,4,3,12,visa,4872073772236737
2000887,1000098,3000014,2024-07-28 14:18:38.683347,Pearly Pies,7,3,21,amex,371669404426945
2000888,1000212,3000027,2024-07-12 08:45:53.977234,Golden Gate Ginger,9,3,27,amex,345209882855530
2000889,1000066,3000033,2024-07-02 07:13:08.209946,Orchard Oasis,9,3,27,amex,378792897723561
2000890,1000105,3000001,2024-07-19 17:39:57.489604,Pearly Pies,2,3,6,visa,4133273008610011
2000891,1000133,3000035,2024-07-22 16:42:39.795661,Austin Almond Biscotti,9,3,27,amex,344198671394846
2000892,1000035,3000027,2024-07-16 22:16:47.284392,Golden Gate Ginger,7,3,21,amex,349390692278562
2000893,1000215,3000012,2024-07-07 07:50:54.440475,Outback Oatmeal,10,3,30,mastercard,5539039376018203
2000894,1000105,3000021,2024-07-01 15:10:16.958420,Golden Gate Ginger,7,3,21,mastercard,2269089828373832
2000895,1000293,3000025,2024-07-22 18:17:09.694423,Outback Oatmeal,8,3,24,mastercard,5559208254314225
2000896,1000257,3000034,2024-07-09 06:23:00.247128,Outback Oatmeal,3,3,9,amex,343014748612717
2000897,1000226,3000035,2024-07-14 02:30:08.602561,Austin Almond Biscotti,2,3,6,mastercard,2608249090709432
2000898,1000006,3000010,2024-07-08 18:06:46.596359,Orchard Oasis,2,3,6,amex,379664883425114
2000899,1000161,3000014,2024-07-05 18:10:43.660344,Golden Gate Ginger,2,3,6,visa,4049631871608276
2000900,1000293,3000022,2024-07-10 09:16:33.839939,Outback Oatmeal,9,3,27,visa,4095721033697227
2000901,1000229,3000043,2024-07-02 23:29:28.171080,Austin Almond Biscotti,1,3,3,amex,375165574424865
2000902,1000278,3000014,2024-07-18 02:58:33.439815,Pearly Pies,7,3,21,visa,4782144152106300
2000903,1000133,3000043,2024-07-23 15:21:36.007430,Orchard Oasis,3,3,9,visa,4120706693174079
2000904,1000117,3000001,2024-07-15 16:12:35.858292,Tokyo Tidbits,1,3,3,visa,4538180082594501
2000905,1000188,3000014,2024-07-21 17:13:09.671373,Pearly Pies,3,3,9,amex,376051269412960
2000906,1000110,3000028,2024-07-10 05:23:04.538581,Orchard Oasis,2,3,6,mastercard,5480704944283196
2000907,1000209,3000033,2024-07-17 11:54:17.392075,Golden Gate Ginger,7,3,21,amex,349656925415225
2000908,1000196,3000015,2024-07-03 17:58:07.930579,Tokyo Tidbits,5,3,15,mastercard,2518784934313701
2000909,1000049,3000044,2024-07-06 16:21:06.132173,Golden Gate Ginger,8,3,24,amex,340069075100937
2000910,1000263,3000046,2024-07-13 06:42:27.400084,Pearly Pies,9,3,27,amex,371735147628012
2000911,1000259,3000030,2024-07-19 07:10:28.197730,Tokyo Tidbits,9,3,27,amex,373664857507778
2000912,1000293,3000008,2024-07-11 10:33:17.300551,Outback Oatmeal,5,3,15,visa,4082166011099704
2000913,1000291,3000020,2024-07-19 23:37:48.202274,Pearly Pies,5,3,15,amex,376223392867044
2000914,1000056,3000027,2024-07-24 13:25:21.343618,Austin Almond Biscotti,4,3,12,visa,4100767263256229
2000915,1000042,3000043,2024-07-22 02:18:44.920191,Tokyo Tidbits,1,3,3,visa,4567836354278123
2000916,1000023,3000045,2024-07-10 03:04:16.317559,Orchard Oasis,1,3,3,amex,376425199059168
2000917,1000042,3000010,2024-07-10 03:26:48.489600,Tokyo Tidbits,6,3,18,mastercard,2531854194435024
2000918,1000081,3000010,2024-07-25 00:27:33.911582,Pearly Pies,7,3,21,mastercard,2251997344689756
2000919,1000203,3000009,2024-07-29 21:17:47.991762,Golden Gate Ginger,4,3,12,amex,340108838186955
2000920,1000036,3000005,2024-07-21 06:56:13.207177,Pearly Pies,4,3,12,visa,4218115729525622
2000921,1000117,3000003,2024-07-06 06:49:12.360897,Outback Oatmeal,10,3,30,amex,341213541245632
2000922,1000060,3000018,2024-07-21 10:56:20.717593,Austin Almond Biscotti,6,3,18,amex,346149768713818
2000923,1000151,3000002,2024-07-03 02:15:49.509337,Pearly Pies,9,3,27,mastercard,2405867392808142
2000924,1000246,3000014,2024-07-13 17:40:30.324617,Pearly Pies,9,3,27,visa,4185231049104771
2000925,1000242,3000003,2024-07-05 03:13:19.350429,Golden Gate Ginger,10,3,30,mastercard,2718080500473799
2000926,1000235,3000043,2024-07-05 20:19:00.573966,Golden Gate Ginger,7,3,21,mastercard,2543087601541011
2000927,1000280,3000004,2024-07-04 10:11:38.779718,Outback Oatmeal,8,3,24,amex,371724057954196
2000928,1000131,3000011,2024-07-30 15:41:07.798836,Tokyo Tidbits,7,3,21,mastercard,2234408763545125
2000929,1000138,3000043,2024-07-23 17:55:07.198027,Golden Gate Ginger,2,3,6,amex,372438343611218
2000930,1000288,3000013,2024-07-29 09:28:59.710814,Orchard Oasis,4,3,12,mastercard,2265123825852706
2000931,1000162,3000001,2024-07-18 09:16:19.458339,Tokyo Tidbits,3,3,9,amex,344401087076886
2000932,1000122,3000006,2024-07-04 15:23:06.272768,Tokyo Tidbits,9,3,27,amex,344200069740067
2000933,1000281,3000044,2024-07-16 09:15:53.052190,Orchard Oasis,7,3,21,amex,349990288241948
2000934,1000045,3000000,2024-07-15 17:24:03.164453,Orchard Oasis,8,3,24,visa,4211592560282330
2000935,1000211,3000023,2024-07-28 01:49:52.907914,Orchard Oasis,8,3,24,visa,4544494798838868
2000936,1000140,3000038,2024-07-11 20:54:26.527943,Orchard Oasis,9,3,27,mastercard,2253665725008213
2000937,1000261,3000044,2024-07-15 09:31:37.093016,Austin Almond Biscotti,9,3,27,amex,377491730661770
2000938,1000106,3000012,2024-07-02 04:08:32.629096,Orchard Oasis,7,3,21,visa,4260126528777915
2000939,1000283,3000013,2024-07-25 09:08:08.023288,Golden Gate Ginger,4,3,12,visa,4713036040645297
2000940,1000032,3000024,2024-07-21 13:52:37.924930,Pearly Pies,7,3,21,mastercard,2543688540257500
2000941,1000017,3000007,2024-07-13 02:49:12.473790,Outback Oatmeal,10,3,30,visa,4155999005561640
2000942,1000298,3000017,2024-07-03 16:24:36.395652,Pearly Pies,2,3,6,amex,340151717366645
2000943,1000276,3000046,2024-07-20 10:55:06.273412,Tokyo Tidbits,7,3,21,amex,349167054701807
2000944,1000016,3000034,2024-07-08 21:46:32.351607,Orchard Oasis,3,3,9,mastercard,5543107329984039
2000945,1000159,3000026,2024-07-11 11:13:03.201179,Golden Gate Ginger,5,3,15,visa,4279419561711258
2000946,1000234,3000020,2024-07-01 13:03:03.016146,Austin Almond Biscotti,8,3,24,mastercard,2720209008597595
2000947,1000112,3000041,2024-07-10 02:56:45.101377,Orchard Oasis,4,3,12,mastercard,2550724052592123
2000948,1000282,3000010,2024-07-15 17:57:30.776974,Outback Oatmeal,1,3,3,amex,346780946249471
2000949,1000045,3000047,2024-07-29 09:54:07.154647,Pearly Pies,2,3,6,visa,4867042943283776
2000950,1000006,3000012,2024-07-11 04:11:26.125834,Pearly Pies,5,3,15,amex,373297915375456
2000951,1000271,3000033,2024-07-13 10:29:59.838123,Austin Almond Biscotti,10,3,30,mastercard,5109179352452776
2000952,1000259,3000011,2024-07-23 05:23:32.992295,Pearly Pies,4,3,12,visa,4927605476018583
2000953,1000223,3000046,2024-07-02 11:21:04.757482,Orchard Oasis,5,3,15,amex,375966588073832
2000954,1000206,3000007,2024-07-03 16:01:12.311900,Outback Oatmeal,2,3,6,mastercard,2714519043851163
2000955,1000118,3000014,2024-07-24 08:36:33.160300,Austin Almond Biscotti,10,3,30,amex,345888138327897
2000956,1000176,3000046,2024-07-18 05:57:03.509320,Golden Gate Ginger,4,3,12,mastercard,2703412679347586
2000957,1000046,3000036,2024-07-02 18:14:14.857219,Pearly Pies,8,3,24,visa,4137263568142493
2000958,1000293,3000009,2024-07-21 00:27:10.047814,Golden Gate Ginger,2,3,6,visa,4904184437147300
2000959,1000010,3000041,2024-07-28 10:19:34.000519,Tokyo Tidbits,4,3,12,amex,343170009891786
2000960,1000278,3000010,2024-07-13 13:07:36.565904,Outback Oatmeal,10,3,30,visa,4097569998549265
2000961,1000002,3000007,2024-07-25 09:43:33.772852,Orchard Oasis,5,3,15,visa,4265910513061376
2000962,1000070,3000044,2024-07-03 01:05:26.176438,Austin Almond Biscotti,9,3,27,mastercard,2406459243511593
2000963,1000122,3000011,2024-07-24 16:32:07.198050,Austin Almond Biscotti,2,3,6,mastercard,5276629328668753
2000964,1000125,3000025,2024-07-23 11:36:57.802922,Austin Almond Biscotti,2,3,6,mastercard,5370666215464958
2000965,1000065,3000002,2024-07-21 12:31:57.301757,Golden Gate Ginger,1,3,3,amex,343405403900936
2000966,1000161,3000013,2024-07-02 16:46:46.543583,Austin Almond Biscotti,4,3,12,mastercard,2344590450534020
2000967,1000000,3000029,2024-07-21 00:02:04.587077,Golden Gate Ginger,5,3,15,mastercard,2318516611093574
2000968,1000246,3000001,2024-07-04 12:29:11.684612,Outback Oatmeal,10,3,30,amex,346333023650474
2000969,1000176,3000024,2024-07-04 02:26:11.071771,Austin Almond Biscotti,5,3,15,mastercard,2285203063455176
2000970,1000255,3000019,2024-07-15 19:09:49.485636,Outback Oatmeal,2,3,6,mastercard,5409605017219058
2000971,1000275,3000045,2024-07-17 08:28:56.205120,Tokyo Tidbits,6,3,18,amex,379416064191050
2000972,1000251,3000020,2024-07-06 03:53:35.690417,Golden Gate Ginger,4,3,12,mastercard,2293176934132721
2000973,1000184,3000027,2024-07-24 13:29:03.310542,Orchard Oasis,8,3,24,amex,376137752801668
2000974,1000163,3000047,2024-07-26 03:23:58.851887,Outback Oatmeal,3,3,9,mastercard,2594732938479934
2000975,1000196,3000039,2024-07-16 23:19:59.810273,Pearly Pies,5,3,15,visa,4943204598776870
2000976,1000076,3000019,2024-07-12 18:58:52.810917,Austin Almond Biscotti,1,3,3,mastercard,2669216904033263
2000977,1000032,3000047,2024-07-22 17:38:33.691014,Outback Oatmeal,6,3,18,mastercard,2260884837400595
2000978,1000167,3000007,2024-07-09 15:53:41.193369,Outback Oatmeal,1,3,3,mastercard,2402450449999454
2000979,1000179,3000002,2024-07-04 00:52:55.909111,Tokyo Tidbits,8,3,24,visa,4855243759897410
2000980,1000053,3000022,2024-07-15 07:19:17.437845,Pearly Pies,3,3,9,amex,340688202680113
2000981,1000090,3000016,2024-07-05 09:49:55.169644,Golden Gate Ginger,10,3,30,visa,4234199347006421
2000982,1000150,3000027,2024-07-20 20:42:40.781808,Orchard Oasis,5,3,15,visa,4480120814936271
2000983,1000257,3000022,2024-07-02 00:50:53.085744,Outback Oatmeal,2,3,6,visa,4456271035459013
2000984,1000263,3000038,2024-07-29 03:03:54.091860,Austin Almond Biscotti,10,3,30,visa,4861995315762873
2000985,1000028,3000010,2024-07-10 04:00:35.856323,Orchard Oasis,6,3,18,mastercard,2711234740341202
2000986,1000145,3000046,2024-07-28 09:54:12.982195,Pearly Pies,10,3,30,visa,4423562510025414
2000987,1000279,3000009,2024-07-15 10:39:29.435925,Outback Oatmeal,8,3,24,mastercard,2294799351778459
2000988,1000040,3000037,2024-07-10 21:57:51.607857,Tokyo Tidbits,10,3,30,amex,377303655551045
2000989,1000143,3000041,2024-07-23 16:58:32.093273,Golden Gate Ginger,4,3,12,mastercard,5115973823077762
2000990,1000244,3000024,2024-07-10 19:20:12.478342,Tokyo Tidbits,10,3,30,visa,4699088747830589
2000991,1000142,3000017,2024-07-17 18:57:38.022468,Tokyo Tidbits,9,3,27,amex,340624680744741
2000992,1000006,3000027,2024-07-17 03:39:29.935688,Golden Gate Ginger,2,3,6,visa,4054822190076764
2000993,1000071,3000041,2024-07-04 19:12:40.499588,Austin Almond Biscotti,10,3,30,amex,372446280224424
2000994,1000230,3000045,2024-07-26 09:09:49.045708,Golden Gate Ginger,1,3,3,mastercard,2706629081672429
2000995,1000201,3000033,2024-07-19 03:54:10.886605,Austin Almond Biscotti,1,3,3,mastercard,2267449292392373
2000996,1000015,3000020,2024-07-07 08:53:21.534622,Orchard Oasis,3,3,9,visa,4019566915087531
2000997,1000209,3000038,2024-07-11 01:02:49.819942,Outback Oatmeal,5,3,15,mastercard,2265730096241151
2000998,1000032,3000041,2024-07-26 19:53:57.662650,Outback Oatmeal,5,3,15,amex,379769491311208
2000999,1000080,3000021,2024-07-20 13:02:17.262447,Orchard Oasis,2,3,6,amex,373820224782177
